File;Group;Number in Group;Row;Column;X;Y;Width;Height;Notes;Tags;Number per file
blupi000.blp;ACTION_MOCKERY;3;1;1;62;167;32;49;names borrowed from Speedy Blupi II's def.hpp - see tools/generate_blupi000_v1_rows.py | part of a 64-entry table - likely a state lookup, not a plain animation sequence | reused 49 more time(s) within ACTION_MOCKERY itself | also used by: ACTION_OUF1a(3x), ACTION_TURN(1x), ACTION_STOP(140x), ACTION_VERTIGO(1x), ACTION_OUF4(4x), ACTION_CHARGE(4x), ACTION_MOCKERYi(45x);auto:table_blupi_v1;1
blupi000.blp;ACTION_MOCKERY;28;2;1;78;216;28;50;names borrowed from Speedy Blupi II's def.hpp - see tools/generate_blupi000_v1_rows.py | part of a 64-entry table - likely a state lookup, not a plain animation sequence | reused 1 more time(s) within ACTION_MOCKERY itself | also used by: ACTION_TURN(2x), ACTION_TURNAIR(2x), ACTION_TAKESKATE(2x), ACTION_DEPOSESKATE(2x), ACTION_OUF1a(4x), ACTION_OUF1b(4x), ACTION_OUF2(4x), ACTION_OUF5(4x), ACTION_SUCETTE(4x), ACTION_CHARGE(12x), ACTION_MOCKERYi(4x);auto:table_blupi_v1;2
blupi000.blp;ACTION_MOCKERY;52;3;1;701;216;35;50;names borrowed from Speedy Blupi II's def.hpp - see tools/generate_blupi000_v1_rows.py | part of a 64-entry table - likely a state lookup, not a plain animation sequence | also used by: ACTION_TURN(3x), ACTION_TURNAIR(2x), ACTION_CHARGE(4x), ACTION_MOCKERYi(4x);auto:table_blupi_v1;3
blupi000.blp;ACTION_TURN;5;4;1;106;216;28;50;names borrowed from Speedy Blupi II's def.hpp - see tools/generate_blupi000_v1_rows.py | reused 1 more time(s) within ACTION_TURN itself | also used by: ACTION_TURNAIR(2x), ACTION_CHARGE(12x), ACTION_MOCKERYi(4x);auto:table_blupi_v1;4
blupi000.blp;ACTION_MOCKERY;56;5;1;501;71;32;46;names borrowed from Speedy Blupi II's def.hpp - see tools/generate_blupi000_v1_rows.py | part of a 64-entry table - likely a state lookup, not a plain animation sequence | reused 1 more time(s) within ACTION_MOCKERY itself | also used by: ACTION_OUF1a(1x), ACTION_TURN(1x), ACTION_CHARGE(4x);auto:table_blupi_v1;5
blupi000.blp;ACTION_MOCKERY;30;6;1;518;317;33;52;names borrowed from Speedy Blupi II's def.hpp - see tools/generate_blupi000_v1_rows.py | part of a 64-entry table - likely a state lookup, not a plain animation sequence | reused 1 more time(s) within ACTION_MOCKERY itself | also used by: ACTION_OUF1a(1x), ACTION_MARCH(1x), ACTION_RECEDE(1x), ACTION_ADVANCE(1x);auto:table_blupi_v1;6
blupi000.blp;ACTION_MARCH;2;7;1;314;216;32;50;names borrowed from Speedy Blupi II's def.hpp - see tools/generate_blupi000_v1_rows.py | walk | also used by: ACTION_RECEDE(1x), ACTION_ADVANCE(1x);auto:table_blupi_v1;7
blupi000.blp;ACTION_MOCKERY;36;8;1;346;216;32;50;names borrowed from Speedy Blupi II's def.hpp - see tools/generate_blupi000_v1_rows.py | part of a 64-entry table - likely a state lookup, not a plain animation sequence | also used by: ACTION_MARCH(1x), ACTION_RECEDE(1x), ACTION_ADVANCE(1x);auto:table_blupi_v1;8
blupi000.blp;ACTION_MOCKERY;18;9;1;551;317;33;52;names borrowed from Speedy Blupi II's def.hpp - see tools/generate_blupi000_v1_rows.py | part of a 64-entry table - likely a state lookup, not a plain animation sequence | also used by: ACTION_OUF1a(1x), ACTION_MARCH(1x), ACTION_RECEDE(1x), ACTION_ADVANCE(1x);auto:table_blupi_v1;9
blupi000.blp;ACTION_TURN;2;10;1;378;216;32;50;names borrowed from Speedy Blupi II's def.hpp - see tools/generate_blupi000_v1_rows.py | also used by: ACTION_MARCH(1x), ACTION_RECEDE(1x), ACTION_ADVANCE(1x);auto:table_blupi_v1;10
blupi000.blp;ACTION_MARCH;6;11;1;603;266;32;51;names borrowed from Speedy Blupi II's def.hpp - see tools/generate_blupi000_v1_rows.py | walk | also used by: ACTION_RECEDE(1x), ACTION_ADVANCE(1x);auto:table_blupi_v1;11
blupi000.blp;?;1;12;1;584;317;33;52;;auto:table_icon_blupi_v1;12
blupi000.blp;ACTION_MOCKERY;4;13;1;410;216;32;50;names borrowed from Speedy Blupi II's def.hpp - see tools/generate_blupi000_v1_rows.py | part of a 64-entry table - likely a state lookup, not a plain animation sequence;auto:table_blupi_v1;13
blupi000.blp;?;1;14;1;442;216;32;50;;auto:table_icon_blupi_v1;14
blupi000.blp;?;1;15;1;617;317;33;52;;auto:table_icon_blupi_v1;15
blupi000.blp;?;1;16;1;602;216;33;50;;auto:table_icon_blupi_v1;16
blupi000.blp;?;1;17;1;0;317;33;51;;auto:table_icon_blupi_v1;17
blupi000.blp;ACTION_JUMP;1;18;1;0;71;37;43;names borrowed from Speedy Blupi II's def.hpp - see tools/generate_blupi000_v1_rows.py | beginning to jump | also used by: ACTION_TAKESKATE(2x), ACTION_DEPOSESKATE(2x);auto:table_blupi_v1;18
blupi000.blp;ACTION_TURN;13;19;1;387;167;37;49;names borrowed from Speedy Blupi II's def.hpp - see tools/generate_blupi000_v1_rows.py | also used by: ACTION_STOPMARCH(1x), ACTION_JUMP(1x), ACTION_TAKESKATE(2x), ACTION_DEPOSESKATE(2x);auto:table_blupi_v1;19
blupi000.blp;ACTION_STOPMARCH;1;20;1;424;167;37;49;names borrowed from Speedy Blupi II's def.hpp - see tools/generate_blupi000_v1_rows.py | reused 1 more time(s) within ACTION_STOPMARCH itself | also used by: ACTION_JUMP(1x), ACTION_TAKESKATE(2x), ACTION_DEPOSESKATE(2x);auto:table_blupi_v1;20
blupi000.blp;ACTION_OUF1a;2;21;1;37;71;37;43;names borrowed from Speedy Blupi II's def.hpp - see tools/generate_blupi000_v1_rows.py | part of a 45-entry table - likely a state lookup, not a plain animation sequence;auto:table_blupi_v1;21
blupi000.blp;?;1;22;1;461;167;37;49;;auto:table_icon_blupi_v1;22
blupi000.blp;?;1;23;1;685;317;36;52;;auto:table_icon_blupi_v1;23
blupi000.blp;ACTION_STOP;6;24;1;474;216;32;50;names borrowed from Speedy Blupi II's def.hpp - see tools/generate_blupi000_v1_rows.py | stand still | part of a 330-entry table - likely a state lookup, not a plain animation sequence | reused 55 more time(s) within ACTION_STOP itself | also used by: ACTION_MOCKERY(9x), ACTION_MOCKERYi(9x);auto:table_blupi_v1;24
blupi000.blp;?;1;25;1;506;216;32;50;;auto:table_icon_blupi_v1;25
blupi000.blp;ACTION_BYE;1;26;1;363;476;33;57;names borrowed from Speedy Blupi II's def.hpp - see tools/generate_blupi000_v1_rows.py | "au au" | reused 1 more time(s) within ACTION_BYE itself;auto:table_blupi_v1;26
blupi000.blp;ACTION_AIR;2;27;1;293;118;33;48;names borrowed from Speedy Blupi II's def.hpp - see tools/generate_blupi000_v1_rows.py | also used by: ACTION_VERTIGO(1x);auto:table_blupi_v1;27
blupi000.blp;ACTION_AIR;5;28;1;222;167;33;49;names borrowed from Speedy Blupi II's def.hpp - see tools/generate_blupi000_v1_rows.py | also used by: ACTION_VERTIGO(1x);auto:table_blupi_v1;28
blupi000.blp;ACTION_VERTIGO;7;29;1;736;71;36;47;names borrowed from Speedy Blupi II's def.hpp - see tools/generate_blupi000_v1_rows.py | "whoops";auto:table_blupi_v1;29
blupi000.blp;ACTION_BYE;3;30;1;31;533;34;58;names borrowed from Speedy Blupi II's def.hpp - see tools/generate_blupi000_v1_rows.py | "au au" | reused 3 more time(s) within ACTION_BYE itself;auto:table_blupi_v1;30
blupi000.blp;?;1;31;1;133;118;32;48;;auto:table_icon_blupi_v1;31
blupi000.blp;?;1;32;1;255;167;33;49;;auto:table_icon_blupi_v1;32
blupi000.blp;?;1;33;1;663;71;36;46;;auto:table_icon_blupi_v1;33
blupi000.blp;ACTION_STOPJUMP;5;34;1;35;266;36;50;names borrowed from Speedy Blupi II's def.hpp - see tools/generate_blupi000_v1_rows.py | also used by: ACTION_DOWN(1x);auto:table_blupi_v1;34
blupi000.blp;ACTION_TURN;1;35;1;144;71;36;44;names borrowed from Speedy Blupi II's def.hpp - see tools/generate_blupi000_v1_rows.py | also used by: ACTION_STOPJUMP(3x), ACTION_STOPJUMPh(1x), ACTION_DOWN(1x);auto:table_blupi_v1;35
blupi000.blp;Yellow_Eggbert_Crouching_Left;1;36;1;703;32;37;39;originally auto-labeled ACTION_TURN | names borrowed from Speedy Blupi II's def.hpp - see tools/generate_blupi000_v1_rows.py | also used by: ACTION_STOPJUMP(1x), ACTION_STOPJUMPh(1x), ACTION_DOWN(1x) | hand-measured and verified in the original speedy_blupi_I.spritesheet.csv;ok;36
blupi000.blp;?;1;37;1;458;118;36;48;;auto:table_icon_blupi_v1;37
blupi000.blp;?;1;38;1;180;71;36;44;;auto:table_icon_blupi_v1;38
blupi000.blp;Yellow_Eggbert_Crouching_Right;1;39;1;740;32;37;39;hand-measured and verified in the original speedy_blupi_I.spritesheet.csv;ok;39
blupi000.blp;Yellow_Eggbert_Swimming_Right;2;40;1;717;0;47;32;originally auto-labeled ACTION_MARCHNAGE | names borrowed from Speedy Blupi II's def.hpp - see tools/generate_blupi000_v1_rows.py | swimming in deep water | reused 1 more time(s) within ACTION_MARCHNAGE itself | hand-measured and verified in the original speedy_blupi_I.spritesheet.csv;ok;40
blupi000.blp;Yellow_Eggbert_Swimming_Left;2;41;1;625;0;46;32;originally auto-labeled ACTION_CLEAR1 | names borrowed from Speedy Blupi II's def.hpp - see tools/generate_blupi000_v1_rows.py | part of a 70-entry table - likely a state lookup, not a plain animation sequence | reused 19 more time(s) within ACTION_CLEAR1 itself | also used by: ACTION_ELECTRO(20x) | hand-measured and verified in the original speedy_blupi_I.spritesheet.csv;ok;41
blupi000.blp;ACTION_WIN;1;42;1;165;118;32;48;names borrowed from Speedy Blupi II's def.hpp - see tools/generate_blupi000_v1_rows.py | reused 1 more time(s) within ACTION_WIN itself | also used by: ACTION_CLEAR1(10x), ACTION_ELECTRO(10x);auto:table_blupi_v1;42
blupi000.blp;ACTION_WIN;3;43;1;736;216;35;50;names borrowed from Speedy Blupi II's def.hpp - see tools/generate_blupi000_v1_rows.py | reused 1 more time(s) within ACTION_WIN itself | also used by: ACTION_CLEAR1(3x), ACTION_ELECTRO(3x);auto:table_blupi_v1;43
blupi000.blp;ACTION_WIN;5;44;1;91;422;40;54;names borrowed from Speedy Blupi II's def.hpp - see tools/generate_blupi000_v1_rows.py | reused 1 more time(s) within ACTION_WIN itself | also used by: ACTION_CLEAR1(3x), ACTION_ELECTRO(3x);auto:table_blupi_v1;44
blupi000.blp;ACTION_UP;1;45;1;635;266;32;51;names borrowed from Speedy Blupi II's def.hpp - see tools/generate_blupi000_v1_rows.py | look up | also used by: ACTION_CLEAR1(3x), ACTION_ELECTRO(3x);auto:table_blupi_v1;45
blupi000.blp;ACTION_CLEAR1;40;46;1;541;266;31;51;names borrowed from Speedy Blupi II's def.hpp - see tools/generate_blupi000_v1_rows.py | part of a 70-entry table - likely a state lookup, not a plain animation sequence | reused 2 more time(s) within ACTION_CLEAR1 itself | also used by: ACTION_ELECTRO(3x);auto:table_blupi_v1;46
blupi000.blp;ACTION_CLEAR1;43;47;1;110;476;42;55;names borrowed from Speedy Blupi II's def.hpp - see tools/generate_blupi000_v1_rows.py | part of a 70-entry table - likely a state lookup, not a plain animation sequence | reused 13 more time(s) within ACTION_CLEAR1 itself | also used by: ACTION_BYE(4x), ACTION_ELECTRO(10x);auto:table_blupi_v1;47
blupi000.blp;ACTION_OUF1a;1;48;1;362;369;51;52;names borrowed from Speedy Blupi II's def.hpp - see tools/generate_blupi000_v1_rows.py | part of a 45-entry table - likely a state lookup, not a plain animation sequence | also used by: ACTION_CLEAR1(14x), ACTION_BYE(2x), ACTION_ELECTRO(8x);auto:table_blupi_v1;48
blupi000.blp;Yellow_Eggbert_Life;1;49;1;355;0;17;25;originally auto-labeled ACTION_OUF1a | names borrowed from Speedy Blupi II's def.hpp - see tools/generate_blupi000_v1_rows.py | part of a 45-entry table - likely a state lookup, not a plain animation sequence | also used by: ACTION_TURN(1x) | hand-measured and verified in the original speedy_blupi_I.spritesheet.csv;ok;49
blupi000.blp;ACTION_OUF1a;4;50;1;462;71;39;45;names borrowed from Speedy Blupi II's def.hpp - see tools/generate_blupi000_v1_rows.py | part of a 45-entry table - likely a state lookup, not a plain animation sequence | also used by: ACTION_PUSH(1x);auto:table_blupi_v1;50
blupi000.blp;ACTION_OUF1a;5;51;1;629;71;34;46;names borrowed from Speedy Blupi II's def.hpp - see tools/generate_blupi000_v1_rows.py | part of a 45-entry table - likely a state lookup, not a plain animation sequence | also used by: ACTION_TURN(1x), ACTION_PUSH(1x);auto:table_blupi_v1;51
blupi000.blp;ACTION_OUF1a;6;52;1;74;71;35;44;names borrowed from Speedy Blupi II's def.hpp - see tools/generate_blupi000_v1_rows.py | part of a 45-entry table - likely a state lookup, not a plain animation sequence | also used by: ACTION_PUSH(1x);auto:table_blupi_v1;52
blupi000.blp;ACTION_OUF1a;7;53;1;699;71;37;46;names borrowed from Speedy Blupi II's def.hpp - see tools/generate_blupi000_v1_rows.py | part of a 45-entry table - likely a state lookup, not a plain animation sequence | also used by: ACTION_PUSH(1x);auto:table_blupi_v1;53
blupi000.blp;ACTION_OUF1a;8;54;1;249;71;34;45;names borrowed from Speedy Blupi II's def.hpp - see tools/generate_blupi000_v1_rows.py | part of a 45-entry table - likely a state lookup, not a plain animation sequence | also used by: ACTION_PUSH(1x);auto:table_blupi_v1;54
blupi000.blp;ACTION_OUF1a;9;55;1;352;71;36;45;names borrowed from Speedy Blupi II's def.hpp - see tools/generate_blupi000_v1_rows.py | part of a 45-entry table - likely a state lookup, not a plain animation sequence | also used by: ACTION_PUSH(1x);auto:table_blupi_v1;55
blupi000.blp;ACTION_OUF1a;10;56;1;388;71;37;45;names borrowed from Speedy Blupi II's def.hpp - see tools/generate_blupi000_v1_rows.py | part of a 45-entry table - likely a state lookup, not a plain animation sequence;auto:table_blupi_v1;56
blupi000.blp;ACTION_OUF1a;11;57;1;283;71;34;45;names borrowed from Speedy Blupi II's def.hpp - see tools/generate_blupi000_v1_rows.py | part of a 45-entry table - likely a state lookup, not a plain animation sequence;auto:table_blupi_v1;57
blupi000.blp;ACTION_OUF1a;12;58;1;109;71;35;44;names borrowed from Speedy Blupi II's def.hpp - see tools/generate_blupi000_v1_rows.py | part of a 45-entry table - likely a state lookup, not a plain animation sequence;auto:table_blupi_v1;58
blupi000.blp;ACTION_OUF1a;13;59;1;425;71;37;45;names borrowed from Speedy Blupi II's def.hpp - see tools/generate_blupi000_v1_rows.py | part of a 45-entry table - likely a state lookup, not a plain animation sequence;auto:table_blupi_v1;59
blupi000.blp;ACTION_OUF1a;14;60;1;216;71;33;45;names borrowed from Speedy Blupi II's def.hpp - see tools/generate_blupi000_v1_rows.py | part of a 45-entry table - likely a state lookup, not a plain animation sequence;auto:table_blupi_v1;60
blupi000.blp;ACTION_OUF1a;15;61;1;317;71;35;45;names borrowed from Speedy Blupi II's def.hpp - see tools/generate_blupi000_v1_rows.py | part of a 45-entry table - likely a state lookup, not a plain animation sequence;auto:table_blupi_v1;61
blupi000.blp;ACTION_OUF1a;16;62;1;650;710;48;60;names borrowed from Speedy Blupi II's def.hpp - see tools/generate_blupi000_v1_rows.py | part of a 45-entry table - likely a state lookup, not a plain animation sequence | also used by: ACTION_STOPHELICO(1x), ACTION_MARCHHELICO(2x);auto:table_blupi_v1;62
blupi000.blp;ACTION_OUF1a;17;63;1;330;710;45;60;names borrowed from Speedy Blupi II's def.hpp - see tools/generate_blupi000_v1_rows.py | part of a 45-entry table - likely a state lookup, not a plain animation sequence | also used by: ACTION_MARCHHELICO(2x);auto:table_blupi_v1;63
blupi000.blp;ACTION_OUF1a;18;64;1;544;591;47;59;names borrowed from Speedy Blupi II's def.hpp - see tools/generate_blupi000_v1_rows.py | part of a 45-entry table - likely a state lookup, not a plain animation sequence | also used by: ACTION_MARCHHELICO(1x);auto:table_blupi_v1;64
blupi000.blp;ACTION_OUF1a;19;65;1;453;591;45;59;names borrowed from Speedy Blupi II's def.hpp - see tools/generate_blupi000_v1_rows.py | part of a 45-entry table - likely a state lookup, not a plain animation sequence | also used by: ACTION_MARCHHELICO(2x);auto:table_blupi_v1;65
blupi000.blp;ACTION_OUF1a;20;66;1;465;710;46;60;names borrowed from Speedy Blupi II's def.hpp - see tools/generate_blupi000_v1_rows.py | part of a 45-entry table - likely a state lookup, not a plain animation sequence | also used by: ACTION_MARCHHELICO(1x);auto:table_blupi_v1;66
blupi000.blp;ACTION_MOCKERY;1;67;1;698;710;48;60;names borrowed from Speedy Blupi II's def.hpp - see tools/generate_blupi000_v1_rows.py | part of a 64-entry table - likely a state lookup, not a plain animation sequence | also used by: ACTION_OUF1a(1x);auto:table_blupi_v1;67
blupi000.blp;ACTION_MOCKERY;2;68;1;375;710;45;60;names borrowed from Speedy Blupi II's def.hpp - see tools/generate_blupi000_v1_rows.py | part of a 64-entry table - likely a state lookup, not a plain animation sequence | also used by: ACTION_OUF1a(1x);auto:table_blupi_v1;68
blupi000.blp;ACTION_MOCKERY;51;69;1;498;591;46;59;names borrowed from Speedy Blupi II's def.hpp - see tools/generate_blupi000_v1_rows.py | part of a 64-entry table - likely a state lookup, not a plain animation sequence;auto:table_blupi_v1;69
blupi000.blp;?;1;70;1;603;710;47;60;;auto:table_icon_blupi_v1;70
blupi000.blp;?;1;71;1;511;710;46;60;;auto:table_icon_blupi_v1;71
blupi000.blp;ACTION_TURNHELICO;1;72;1;557;710;46;60;names borrowed from Speedy Blupi II's def.hpp - see tools/generate_blupi000_v1_rows.py | reused 1 more time(s) within ACTION_TURNHELICO itself;auto:table_blupi_v1;72
blupi000.blp;ACTION_TURNHELICO;3;73;1;284;591;41;59;names borrowed from Speedy Blupi II's def.hpp - see tools/generate_blupi000_v1_rows.py | reused 1 more time(s) within ACTION_TURNHELICO itself;auto:table_blupi_v1;73
blupi000.blp;ACTION_TURNHELICO;5;74;1;288;710;42;60;names borrowed from Speedy Blupi II's def.hpp - see tools/generate_blupi000_v1_rows.py | reused 1 more time(s) within ACTION_TURNHELICO itself;auto:table_blupi_v1;74
blupi000.blp;ACTION_TURNHELICO;7;75;1;367;591;43;59;names borrowed from Speedy Blupi II's def.hpp - see tools/generate_blupi000_v1_rows.py | reused 1 more time(s) within ACTION_TURNHELICO itself;auto:table_blupi_v1;75
blupi000.blp;ACTION_TURNHELICO;9;76;1;420;710;45;60;names borrowed from Speedy Blupi II's def.hpp - see tools/generate_blupi000_v1_rows.py | reused 1 more time(s) within ACTION_TURNHELICO itself;auto:table_blupi_v1;76
blupi000.blp;Yellow_Eggbert_Swimming_Right;3;77;1;0;32;47;32;originally auto-labeled ACTION_STOPNAGE | names borrowed from Speedy Blupi II's def.hpp - see tools/generate_blupi000_v1_rows.py | stopped in deep water | reused 5 more time(s) within ACTION_STOPNAGE itself | also used by: ACTION_MARCHNAGE(2x), ACTION_DROWN(46x) | hand-measured and verified in the original speedy_blupi_I.spritesheet.csv;ok;77
blupi000.blp;Yellow_Eggbert_Swimming_Right;4;78;1;94;32;48;32;originally auto-labeled ACTION_STOPNAGE | names borrowed from Speedy Blupi II's def.hpp - see tools/generate_blupi000_v1_rows.py | stopped in deep water | reused 3 more time(s) within ACTION_STOPNAGE itself | also used by: ACTION_MARCHNAGE(2x) | hand-measured and verified in the original speedy_blupi_I.spritesheet.csv;ok;78
blupi000.blp;Yellow_Eggbert_Swimming_Right;9;79;1;588;32;57;32;originally auto-labeled ACTION_MARCHNAGE | names borrowed from Speedy Blupi II's def.hpp - see tools/generate_blupi000_v1_rows.py | swimming in deep water | reused 1 more time(s) within ACTION_MARCHNAGE itself | hand-measured and verified in the original speedy_blupi_I.spritesheet.csv;ok;79
blupi000.blp;Yellow_Eggbert_Swimming_Right;6;80;1;286;32;49;32;originally auto-labeled ACTION_TURN | names borrowed from Speedy Blupi II's def.hpp - see tools/generate_blupi000_v1_rows.py | also used by: ACTION_MARCHNAGE(2x), ACTION_DROWN(4x) | hand-measured and verified in the original speedy_blupi_I.spritesheet.csv;ok;80
blupi000.blp;Yellow_Eggbert_Swimming_Right;7;81;1;335;32;49;32;originally auto-labeled ACTION_MARCHNAGE | names borrowed from Speedy Blupi II's def.hpp - see tools/generate_blupi000_v1_rows.py | swimming in deep water | reused 1 more time(s) within ACTION_MARCHNAGE itself | hand-measured and verified in the original speedy_blupi_I.spritesheet.csv;ok;81
blupi000.blp;Yellow_Eggbert_Swimming_Right;5;82;1;142;32;48;32;originally auto-labeled ACTION_MARCHNAGE | names borrowed from Speedy Blupi II's def.hpp - see tools/generate_blupi000_v1_rows.py | swimming in deep water | reused 1 more time(s) within ACTION_MARCHNAGE itself | hand-measured and verified in the original speedy_blupi_I.spritesheet.csv;ok;82
blupi000.blp;Yellow_Eggbert_Swimming_Left;3;83;1;671;0;46;32;hand-measured and verified in the original speedy_blupi_I.spritesheet.csv;ok;83
blupi000.blp;Yellow_Eggbert_Swimming_Left;5;84;1;190;32;48;32;hand-measured and verified in the original speedy_blupi_I.spritesheet.csv;ok;84
blupi000.blp;Yellow_Eggbert_Swimming_Left;9;85;1;645;32;58;32;originally auto-labeled ACTION_TURN | names borrowed from Speedy Blupi II's def.hpp - see tools/generate_blupi000_v1_rows.py | hand-measured and verified in the original speedy_blupi_I.spritesheet.csv;ok;85
blupi000.blp;Yellow_Eggbert_Swimming_Left;7;86;1;384;32;49;32;hand-measured and verified in the original speedy_blupi_I.spritesheet.csv;ok;86
blupi000.blp;Yellow_Eggbert_Swimming_Left;6;87;1;238;32;48;32;hand-measured and verified in the original speedy_blupi_I.spritesheet.csv;ok;87
blupi000.blp;Yellow_Eggbert_Swimming_Left;4;88;1;47;32;47;32;hand-measured and verified in the original speedy_blupi_I.spritesheet.csv;ok;88
blupi000.blp;Yellow_Eggbert_Swimming_Right;8;89;1;433;32;49;32;originally auto-labeled ACTION_TURNNAGE | names borrowed from Speedy Blupi II's def.hpp - see tools/generate_blupi000_v1_rows.py | turning in deep water | reused 1 more time(s) within ACTION_TURNNAGE itself | hand-measured and verified in the original speedy_blupi_I.spritesheet.csv;ok;89
blupi000.blp;Yellow_Eggbert_Swimming_Right;1;90;1;484;0;53;31;originally auto-labeled ACTION_TURNNAGE | names borrowed from Speedy Blupi II's def.hpp - see tools/generate_blupi000_v1_rows.py | turning in deep water | reused 1 more time(s) within ACTION_TURNNAGE itself | hand-measured and verified in the original speedy_blupi_I.spritesheet.csv;ok;90
blupi000.blp;Yellow_Eggbert_Swimming_Butt;1;91;1;482;32;52;32;originally auto-labeled ACTION_TURNNAGE | names borrowed from Speedy Blupi II's def.hpp - see tools/generate_blupi000_v1_rows.py | turning in deep water | reused 1 more time(s) within ACTION_TURNNAGE itself | hand-measured and verified in the original speedy_blupi_I.spritesheet.csv;ok;91
blupi000.blp;Yellow_Eggbert_Swimming_Left;8;92;1;534;32;54;32;originally auto-labeled ACTION_MOCKERY | names borrowed from Speedy Blupi II's def.hpp - see tools/generate_blupi000_v1_rows.py | part of a 64-entry table - likely a state lookup, not a plain animation sequence | also used by: ACTION_TURNNAGE(2x) | hand-measured and verified in the original speedy_blupi_I.spritesheet.csv;ok;92
blupi000.blp;Yellow_Eggbert_Swimming_Left;1;93;1;537;0;60;31;originally auto-labeled ACTION_MOCKERY | names borrowed from Speedy Blupi II's def.hpp - see tools/generate_blupi000_v1_rows.py | part of a 64-entry table - likely a state lookup, not a plain animation sequence | also used by: ACTION_TURNNAGE(2x) | hand-measured and verified in the original speedy_blupi_I.spritesheet.csv;ok;93
blupi000.blp;ACTION_STOPSURF;1;94;1;71;118;31;48;names borrowed from Speedy Blupi II's def.hpp - see tools/generate_blupi000_v1_rows.py | stopped on water surface | reused 1 more time(s) within ACTION_STOPSURF itself | also used by: ACTION_MARCHSURF(2x), ACTION_DROWN(9x);auto:table_blupi_v1;94
blupi000.blp;ACTION_STOPSURF;3;95;1;94;167;32;49;names borrowed from Speedy Blupi II's def.hpp - see tools/generate_blupi000_v1_rows.py | stopped on water surface | reused 1 more time(s) within ACTION_STOPSURF itself | also used by: ACTION_MARCHSURF(2x), ACTION_DROWN(12x);auto:table_blupi_v1;95
blupi000.blp;ACTION_STOPSURF;5;96;1;538;216;32;50;names borrowed from Speedy Blupi II's def.hpp - see tools/generate_blupi000_v1_rows.py | stopped on water surface | reused 1 more time(s) within ACTION_STOPSURF itself | also used by: ACTION_MARCHSURF(2x), ACTION_DROWN(2x);auto:table_blupi_v1;96
blupi000.blp;ACTION_STOPSURF;7;97;1;667;266;32;51;names borrowed from Speedy Blupi II's def.hpp - see tools/generate_blupi000_v1_rows.py | stopped on water surface | reused 1 more time(s) within ACTION_STOPSURF itself | also used by: ACTION_MARCHSURF(2x), ACTION_DROWN(6x);auto:table_blupi_v1;97
blupi000.blp;ACTION_STOPSURF;9;98;1;486;317;32;52;names borrowed from Speedy Blupi II's def.hpp - see tools/generate_blupi000_v1_rows.py | stopped on water surface | reused 1 more time(s) within ACTION_STOPSURF itself | also used by: ACTION_MARCHSURF(2x), ACTION_DROWN(7x);auto:table_blupi_v1;98
blupi000.blp;ACTION_STOPSURF;11;99;1;470;369;31;53;names borrowed from Speedy Blupi II's def.hpp - see tools/generate_blupi000_v1_rows.py | stopped on water surface | reused 1 more time(s) within ACTION_STOPSURF itself | also used by: ACTION_MARCHSURF(2x), ACTION_DROWN(4x);auto:table_blupi_v1;99
blupi000.blp;?;1;100;1;197;118;32;48;;auto:table_icon_blupi_v1;100
blupi000.blp;?;1;101;1;126;167;32;49;;auto:table_icon_blupi_v1;101
blupi000.blp;?;1;102;1;570;216;32;50;;auto:table_icon_blupi_v1;102
blupi000.blp;?;1;103;1;699;266;32;51;;auto:table_icon_blupi_v1;103
blupi000.blp;?;1;104;1;455;317;31;52;;auto:table_icon_blupi_v1;104
blupi000.blp;?;1;105;1;501;369;32;53;;auto:table_icon_blupi_v1;105
blupi000.blp;ACTION_TURNSURF;1;106;1;498;167;37;49;names borrowed from Speedy Blupi II's def.hpp - see tools/generate_blupi000_v1_rows.py | turning at water surface | reused 1 more time(s) within ACTION_TURNSURF itself;auto:table_blupi_v1;106
blupi000.blp;ACTION_TURNSURF;3;107;1;493;266;48;50;names borrowed from Speedy Blupi II's def.hpp - see tools/generate_blupi000_v1_rows.py | turning at water surface | reused 1 more time(s) within ACTION_TURNSURF itself;auto:table_blupi_v1;107
blupi000.blp;ACTION_OUF1a;44;108;1;413;369;57;52;names borrowed from Speedy Blupi II's def.hpp - see tools/generate_blupi000_v1_rows.py | part of a 45-entry table - likely a state lookup, not a plain animation sequence | also used by: ACTION_TURNSURF(2x);auto:table_blupi_v1;108
blupi000.blp;ACTION_OUF1a;43;109;1;39;422;52;53;names borrowed from Speedy Blupi II's def.hpp - see tools/generate_blupi000_v1_rows.py | part of a 45-entry table - likely a state lookup, not a plain animation sequence | also used by: ACTION_TURNSURF(2x);auto:table_blupi_v1;109
blupi000.blp;ACTION_OUF1a;42;110;1;533;369;39;53;names borrowed from Speedy Blupi II's def.hpp - see tools/generate_blupi000_v1_rows.py | part of a 45-entry table - likely a state lookup, not a plain animation sequence | also used by: ACTION_TURNSURF(2x);auto:table_blupi_v1;110
blupi000.blp;ACTION_MOCKERY;63;111;1;525;422;56;54;names borrowed from Speedy Blupi II's def.hpp - see tools/generate_blupi000_v1_rows.py | part of a 64-entry table - likely a state lookup, not a plain animation sequence | also used by: ACTION_STOPJEEP(2x), ACTION_MARCHJEEP(2x);auto:table_blupi_v1;111
blupi000.blp;ACTION_STOPJEEP;1;112;1;402;317;53;51;names borrowed from Speedy Blupi II's def.hpp - see tools/generate_blupi000_v1_rows.py | reused 3 more time(s) within ACTION_STOPJEEP itself | also used by: ACTION_MARCHJEEP(4x);auto:table_blupi_v1;112
blupi000.blp;ACTION_STOPJEEP;7;113;1;581;422;56;54;names borrowed from Speedy Blupi II's def.hpp - see tools/generate_blupi000_v1_rows.py | reused 1 more time(s) within ACTION_STOPJEEP itself | also used by: ACTION_MARCHJEEP(2x), ACTION_TURNJEEP(1x);auto:table_blupi_v1;113
blupi000.blp;ACTION_TURNJEEP;2;114;1;637;422;58;54;names borrowed from Speedy Blupi II's def.hpp - see tools/generate_blupi000_v1_rows.py;auto:table_blupi_v1;114
blupi000.blp;ACTION_MOCKERY;64;115;1;252;422;54;54;names borrowed from Speedy Blupi II's def.hpp - see tools/generate_blupi000_v1_rows.py | part of a 64-entry table - likely a state lookup, not a plain animation sequence | also used by: ACTION_TURNJEEP(1x);auto:table_blupi_v1;115
blupi000.blp;ACTION_TURNJEEP;4;116;1;211;422;41;54;names borrowed from Speedy Blupi II's def.hpp - see tools/generate_blupi000_v1_rows.py;auto:table_blupi_v1;116
blupi000.blp;ACTION_TURNJEEP;5;117;1;360;422;55;54;names borrowed from Speedy Blupi II's def.hpp - see tools/generate_blupi000_v1_rows.py;auto:table_blupi_v1;117
blupi000.blp;ACTION_TURNJEEP;6;118;1;695;422;58;54;names borrowed from Speedy Blupi II's def.hpp - see tools/generate_blupi000_v1_rows.py;auto:table_blupi_v1;118
blupi000.blp;ACTION_TURNJEEP;7;119;1;415;422;55;54;names borrowed from Speedy Blupi II's def.hpp - see tools/generate_blupi000_v1_rows.py;auto:table_blupi_v1;119
blupi000.blp;?;1;120;1;306;422;54;54;;auto:table_icon_blupi_v1;120
blupi000.blp;?;1;121;1;470;422;55;54;;auto:table_icon_blupi_v1;121
blupi000.blp;ACTION_POP;6;122;1;721;317;37;52;names borrowed from Speedy Blupi II's def.hpp - see tools/generate_blupi000_v1_rows.py | pulling a case;auto:table_blupi_v1;122
blupi000.blp;ACTION_POP;5;123;1;535;167;38;49;names borrowed from Speedy Blupi II's def.hpp - see tools/generate_blupi000_v1_rows.py | pulling a case | also used by: ACTION_STOPPOP(3x);auto:table_blupi_v1;123
blupi000.blp;ACTION_POP;4;124;1;573;167;38;49;names borrowed from Speedy Blupi II's def.hpp - see tools/generate_blupi000_v1_rows.py | pulling a case;auto:table_blupi_v1;124
blupi000.blp;ACTION_POP;3;125;1;184;266;39;50;names borrowed from Speedy Blupi II's def.hpp - see tools/generate_blupi000_v1_rows.py | pulling a case;auto:table_blupi_v1;125
blupi000.blp;ACTION_POP;2;126;1;566;118;37;48;names borrowed from Speedy Blupi II's def.hpp - see tools/generate_blupi000_v1_rows.py | pulling a case | also used by: ACTION_STOPPOP(3x);auto:table_blupi_v1;126
blupi000.blp;ACTION_MOCKERY;57;127;1;108;266;38;50;names borrowed from Speedy Blupi II's def.hpp - see tools/generate_blupi000_v1_rows.py | part of a 64-entry table - likely a state lookup, not a plain animation sequence | also used by: ACTION_POP(1x);auto:table_blupi_v1;127
blupi000.blp;?;1;128;1;111;369;38;52;;auto:table_icon_blupi_v1;128
blupi000.blp;?;1;129;1;611;167;38;49;;auto:table_icon_blupi_v1;129
blupi000.blp;ACTION_MOCKERY;58;130;1;649;167;38;49;names borrowed from Speedy Blupi II's def.hpp - see tools/generate_blupi000_v1_rows.py | part of a 64-entry table - likely a state lookup, not a plain animation sequence;auto:table_blupi_v1;130
blupi000.blp;?;1;131;1;223;266;39;50;;auto:table_icon_blupi_v1;131
blupi000.blp;?;1;132;1;603;118;37;48;;auto:table_icon_blupi_v1;132
blupi000.blp;ACTION_MOCKERY;59;133;1;146;266;38;50;names borrowed from Speedy Blupi II's def.hpp - see tools/generate_blupi000_v1_rows.py | part of a 64-entry table - likely a state lookup, not a plain animation sequence;auto:table_blupi_v1;133
blupi000.blp;ACTION_STOP;63;134;1;158;167;32;49;names borrowed from Speedy Blupi II's def.hpp - see tools/generate_blupi000_v1_rows.py | stand still | part of a 330-entry table - likely a state lookup, not a plain animation sequence | reused 13 more time(s) within ACTION_STOP itself | also used by: ACTION_MOCKERY(6x), ACTION_MOCKERYi(6x);auto:table_blupi_v1;134
blupi000.blp;?;1;135;1;533;71;32;46;;auto:table_icon_blupi_v1;135
blupi000.blp;ACTION_MOCKERY;60;136;1;565;71;32;46;names borrowed from Speedy Blupi II's def.hpp - see tools/generate_blupi000_v1_rows.py | part of a 64-entry table - likely a state lookup, not a plain animation sequence | also used by: ACTION_STOP(10x), ACTION_JUMPAIE(2x), ACTION_OUF3(4x), ACTION_OUF4(4x);auto:table_blupi_v1;136
blupi000.blp;ACTION_STOP;113;137;1;718;118;31;49;names borrowed from Speedy Blupi II's def.hpp - see tools/generate_blupi000_v1_rows.py | stand still | part of a 330-entry table - likely a state lookup, not a plain animation sequence | reused 7 more time(s) within ACTION_STOP itself | also used by: ACTION_OUF3(4x), ACTION_OUF4(4x);auto:table_blupi_v1;137
blupi000.blp;ACTION_STOP;115;138;1;288;167;33;49;names borrowed from Speedy Blupi II's def.hpp - see tools/generate_blupi000_v1_rows.py | stand still | part of a 330-entry table - likely a state lookup, not a plain animation sequence | reused 69 more time(s) within ACTION_STOP itself | also used by: ACTION_OUF3(4x), ACTION_OUF4(4x);auto:table_blupi_v1;138
blupi000.blp;ACTION_STOP;123;139;1;321;167;33;49;names borrowed from Speedy Blupi II's def.hpp - see tools/generate_blupi000_v1_rows.py | stand still | part of a 330-entry table - likely a state lookup, not a plain animation sequence | reused 31 more time(s) within ACTION_STOP itself;auto:table_blupi_v1;139
blupi000.blp;ACTION_MOCKERY;31;140;1;597;71;32;46;names borrowed from Speedy Blupi II's def.hpp - see tools/generate_blupi000_v1_rows.py | part of a 64-entry table - likely a state lookup, not a plain animation sequence;auto:table_blupi_v1;140
blupi000.blp;ACTION_MOCKERY;32;141;1;749;118;31;49;names borrowed from Speedy Blupi II's def.hpp - see tools/generate_blupi000_v1_rows.py | part of a 64-entry table - likely a state lookup, not a plain animation sequence;auto:table_blupi_v1;141
blupi000.blp;ACTION_MOCKERY;33;142;1;354;167;33;49;names borrowed from Speedy Blupi II's def.hpp - see tools/generate_blupi000_v1_rows.py | part of a 64-entry table - likely a state lookup, not a plain animation sequence;auto:table_blupi_v1;142
blupi000.blp;ACTION_MOCKERY;34;143;1;190;167;32;49;names borrowed from Speedy Blupi II's def.hpp - see tools/generate_blupi000_v1_rows.py | part of a 64-entry table - likely a state lookup, not a plain animation sequence;auto:table_blupi_v1;143
blupi000.blp;ACTION_MOCKERY;35;144;1;681;476;46;57;names borrowed from Speedy Blupi II's def.hpp - see tools/generate_blupi000_v1_rows.py | part of a 64-entry table - likely a state lookup, not a plain animation sequence | also used by: ACTION_TURN(1x), ACTION_STOPSUSPEND(10x), ACTION_MARCHSUSPEND(2x);auto:table_blupi_v1;144
blupi000.blp;ACTION_STOPSUSPEND;113;145;1;749;650;33;60;names borrowed from Speedy Blupi II's def.hpp - see tools/generate_blupi000_v1_rows.py | stopped on bars | part of a 328-entry table - likely a state lookup, not a plain animation sequence | reused 7 more time(s) within ACTION_STOPSUSPEND itself | also used by: ACTION_MARCHSUSPEND(4x);auto:table_blupi_v1;145
blupi000.blp;ACTION_MARCHSUSPEND;3;146;1;559;650;31;60;names borrowed from Speedy Blupi II's def.hpp - see tools/generate_blupi000_v1_rows.py | moving on bars | reused 3 more time(s) within ACTION_MARCHSUSPEND itself;auto:table_blupi_v1;146
blupi000.blp;ACTION_MARCHSUSPEND;5;147;1;552;476;42;57;names borrowed from Speedy Blupi II's def.hpp - see tools/generate_blupi000_v1_rows.py | moving on bars | reused 1 more time(s) within ACTION_MARCHSUSPEND itself;auto:table_blupi_v1;147
blupi000.blp;?;1;148;1;636;476;45;57;;auto:table_icon_blupi_v1;148
blupi000.blp;?;1;149;1;0;710;33;60;;auto:table_icon_blupi_v1;149
blupi000.blp;?;1;150;1;590;650;31;60;;auto:table_icon_blupi_v1;150
blupi000.blp;?;1;151;1;594;476;42;57;;auto:table_icon_blupi_v1;151
blupi000.blp;ACTION_STOPSUSPEND;117;152;1;396;476;36;57;names borrowed from Speedy Blupi II's def.hpp - see tools/generate_blupi000_v1_rows.py | stopped on bars | part of a 328-entry table - likely a state lookup, not a plain animation sequence | reused 11 more time(s) within ACTION_STOPSUSPEND itself | also used by: ACTION_TURNSUSPEND(2x);auto:table_blupi_v1;152
blupi000.blp;ACTION_TURNSUSPEND;3;153;1;0;533;31;58;names borrowed from Speedy Blupi II's def.hpp - see tools/generate_blupi000_v1_rows.py | turning on bars | reused 1 more time(s) within ACTION_TURNSUSPEND itself;auto:table_blupi_v1;153
blupi000.blp;ACTION_TURNSUSPEND;5;154;1;432;476;38;57;names borrowed from Speedy Blupi II's def.hpp - see tools/generate_blupi000_v1_rows.py | turning on bars | reused 1 more time(s) within ACTION_TURNSUSPEND itself;auto:table_blupi_v1;154
blupi000.blp;ACTION_TURNSUSPEND;7;155;1;621;650;32;60;names borrowed from Speedy Blupi II's def.hpp - see tools/generate_blupi000_v1_rows.py | turning on bars | reused 1 more time(s) within ACTION_TURNSUSPEND itself;auto:table_blupi_v1;155
blupi000.blp;ACTION_TURNSUSPEND;9;156;1;653;650;32;60;names borrowed from Speedy Blupi II's def.hpp - see tools/generate_blupi000_v1_rows.py | turning on bars | reused 1 more time(s) within ACTION_TURNSUSPEND itself;auto:table_blupi_v1;156
blupi000.blp;ACTION_STOPSUSPEND;1;157;1;132;710;34;60;names borrowed from Speedy Blupi II's def.hpp - see tools/generate_blupi000_v1_rows.py | stopped on bars | part of a 328-entry table - likely a state lookup, not a plain animation sequence | reused 43 more time(s) within ACTION_STOPSUSPEND itself;auto:table_blupi_v1;157
blupi000.blp;ACTION_MOCKERY;29;158;1;33;710;33;60;names borrowed from Speedy Blupi II's def.hpp - see tools/generate_blupi000_v1_rows.py | part of a 64-entry table - likely a state lookup, not a plain animation sequence | also used by: ACTION_OUF1a(1x), ACTION_STOPSUSPEND(92x), ACTION_JUMPSUSPEND(2x);auto:table_blupi_v1;158
blupi000.blp;ACTION_STOPSUSPEND;9;159;1;685;650;32;60;names borrowed from Speedy Blupi II's def.hpp - see tools/generate_blupi000_v1_rows.py | stopped on bars | part of a 328-entry table - likely a state lookup, not a plain animation sequence | reused 43 more time(s) within ACTION_STOPSUSPEND itself;auto:table_blupi_v1;159
blupi000.blp;?;1;160;1;66;710;33;60;;auto:table_icon_blupi_v1;160
blupi000.blp;?;1;161;1;99;710;33;60;;auto:table_icon_blupi_v1;161
blupi000.blp;?;1;162;1;717;650;32;60;;auto:table_icon_blupi_v1;162
blupi000.blp;ACTION_STOPSUSPEND;119;163;1;206;710;41;60;names borrowed from Speedy Blupi II's def.hpp - see tools/generate_blupi000_v1_rows.py | stopped on bars | part of a 328-entry table - likely a state lookup, not a plain animation sequence | reused 33 more time(s) within ACTION_STOPSUSPEND itself;auto:table_blupi_v1;163
blupi000.blp;ACTION_STOPSUSPEND;121;164;1;247;710;41;60;names borrowed from Speedy Blupi II's def.hpp - see tools/generate_blupi000_v1_rows.py | stopped on bars | part of a 328-entry table - likely a state lookup, not a plain animation sequence | reused 55 more time(s) within ACTION_STOPSUSPEND itself;auto:table_blupi_v1;164
blupi000.blp;ACTION_STOPSUSPEND;123;165;1;166;710;40;60;names borrowed from Speedy Blupi II's def.hpp - see tools/generate_blupi000_v1_rows.py | stopped on bars | part of a 328-entry table - likely a state lookup, not a plain animation sequence | reused 27 more time(s) within ACTION_STOPSUSPEND itself;auto:table_blupi_v1;165
blupi000.blp;ACTION_JUMPSUSPEND;3;166;1;0;476;32;55;names borrowed from Speedy Blupi II's def.hpp - see tools/generate_blupi000_v1_rows.py | pulling up from bars | reused 3 more time(s) within ACTION_JUMPSUSPEND itself;auto:table_blupi_v1;166
blupi000.blp;ACTION_JUMPSUSPEND;7;167;1;731;266;32;51;names borrowed from Speedy Blupi II's def.hpp - see tools/generate_blupi000_v1_rows.py | pulling up from bars | reused 3 more time(s) within ACTION_JUMPSUSPEND itself;auto:table_blupi_v1;167
blupi000.blp;?;1;168;1;200;476;32;56;;auto:table_icon_blupi_v1;168
blupi000.blp;ACTION_GLU;1;169;1;572;266;31;51;names borrowed from Speedy Blupi II's def.hpp - see tools/generate_blupi000_v1_rows.py | glued | reused 6 more time(s) within ACTION_GLU itself;auto:table_blupi_v1;169
blupi000.blp;ACTION_AIR;1;170;1;326;118;33;48;names borrowed from Speedy Blupi II's def.hpp - see tools/generate_blupi000_v1_rows.py | also used by: ACTION_VERTIGO(1x), ACTION_GLU(10x);auto:table_blupi_v1;170
blupi000.blp;ACTION_AIR;3;171;1;229;118;32;48;names borrowed from Speedy Blupi II's def.hpp - see tools/generate_blupi000_v1_rows.py | reused 1 more time(s) within ACTION_AIR itself | also used by: ACTION_VERTIGO(1x), ACTION_GLU(6x);auto:table_blupi_v1;171
blupi000.blp;ACTION_VERTIGO;6;172;1;635;216;33;50;names borrowed from Speedy Blupi II's def.hpp - see tools/generate_blupi000_v1_rows.py | "whoops" | also used by: ACTION_GLU(2x);auto:table_blupi_v1;172
blupi000.blp;ACTION_VERTIGO;8;173;1;359;118;33;48;names borrowed from Speedy Blupi II's def.hpp - see tools/generate_blupi000_v1_rows.py | "whoops";auto:table_blupi_v1;173
blupi000.blp;?;1;174;1;392;118;33;48;;auto:table_icon_blupi_v1;174
blupi000.blp;?;1;175;1;261;118;32;48;;auto:table_icon_blupi_v1;175
blupi000.blp;?;1;176;1;668;216;33;50;;auto:table_icon_blupi_v1;176
blupi000.blp;?;1;177;1;425;118;33;48;;auto:table_icon_blupi_v1;177
blupi000.blp;ACTION_JUMPAIE;2;178;1;102;118;31;48;names borrowed from Speedy Blupi II's def.hpp - see tools/generate_blupi000_v1_rows.py | headache | reused 3 more time(s) within ACTION_JUMPAIE itself;auto:table_blupi_v1;178
blupi000.blp;ACTION_JUMPAIE;4;179;1;494;118;36;48;names borrowed from Speedy Blupi II's def.hpp - see tools/generate_blupi000_v1_rows.py | headache | reused 7 more time(s) within ACTION_JUMPAIE itself;auto:table_blupi_v1;179
blupi000.blp;ACTION_JUMPAIE;6;180;1;0;118;41;47;names borrowed from Speedy Blupi II's def.hpp - see tools/generate_blupi000_v1_rows.py | headache | reused 11 more time(s) within ACTION_JUMPAIE itself;auto:table_blupi_v1;180
blupi000.blp;ACTION_JUMPAIE;8;181;1;530;118;36;48;names borrowed from Speedy Blupi II's def.hpp - see tools/generate_blupi000_v1_rows.py | headache | reused 5 more time(s) within ACTION_JUMPAIE itself;auto:table_blupi_v1;181
blupi000.blp;?;1;182;1;41;118;30;48;;auto:table_icon_blupi_v1;182
blupi000.blp;ACTION_STOPSKATE;1;183;1;572;369;39;53;names borrowed from Speedy Blupi II's def.hpp - see tools/generate_blupi000_v1_rows.py | part of a 140-entry table - likely a state lookup, not a plain animation sequence | reused 44 more time(s) within ACTION_STOPSKATE itself | also used by: ACTION_MARCHSKATE(66x);auto:table_blupi_v1;183
blupi000.blp;ACTION_MARCHSKATE;2;184;1;149;369;39;52;names borrowed from Speedy Blupi II's def.hpp - see tools/generate_blupi000_v1_rows.py | part of a 96-entry table - likely a state lookup, not a plain animation sequence | reused 5 more time(s) within ACTION_MARCHSKATE itself;auto:table_blupi_v1;184
blupi000.blp;ACTION_MARCHSKATE;3;185;1;687;167;39;49;names borrowed from Speedy Blupi II's def.hpp - see tools/generate_blupi000_v1_rows.py | part of a 96-entry table - likely a state lookup, not a plain animation sequence | reused 5 more time(s) within ACTION_MARCHSKATE itself;auto:table_blupi_v1;185
blupi000.blp;ACTION_MARCHSKATE;4;186;1;640;118;39;48;names borrowed from Speedy Blupi II's def.hpp - see tools/generate_blupi000_v1_rows.py | part of a 96-entry table - likely a state lookup, not a plain animation sequence | reused 5 more time(s) within ACTION_MARCHSKATE itself;auto:table_blupi_v1;186
blupi000.blp;ACTION_MOCKERY;37;187;1;726;167;39;49;names borrowed from Speedy Blupi II's def.hpp - see tools/generate_blupi000_v1_rows.py | part of a 64-entry table - likely a state lookup, not a plain animation sequence | also used by: ACTION_MARCHSKATE(6x);auto:table_blupi_v1;187
blupi000.blp;ACTION_MOCKERY;38;188;1;107;317;39;51;names borrowed from Speedy Blupi II's def.hpp - see tools/generate_blupi000_v1_rows.py | part of a 64-entry table - likely a state lookup, not a plain animation sequence | also used by: ACTION_MARCHSKATE(6x);auto:table_blupi_v1;188
blupi000.blp;ACTION_MOCKERY;39;189;1;611;369;39;53;names borrowed from Speedy Blupi II's def.hpp - see tools/generate_blupi000_v1_rows.py | part of a 64-entry table - likely a state lookup, not a plain animation sequence;auto:table_blupi_v1;189
blupi000.blp;ACTION_MOCKERY;40;190;1;188;369;39;52;names borrowed from Speedy Blupi II's def.hpp - see tools/generate_blupi000_v1_rows.py | part of a 64-entry table - likely a state lookup, not a plain animation sequence;auto:table_blupi_v1;190
blupi000.blp;ACTION_MOCKERY;41;191;1;0;216;39;49;names borrowed from Speedy Blupi II's def.hpp - see tools/generate_blupi000_v1_rows.py | part of a 64-entry table - likely a state lookup, not a plain animation sequence;auto:table_blupi_v1;191
blupi000.blp;ACTION_MOCKERY;42;192;1;679;118;39;48;names borrowed from Speedy Blupi II's def.hpp - see tools/generate_blupi000_v1_rows.py | part of a 64-entry table - likely a state lookup, not a plain animation sequence;auto:table_blupi_v1;192
blupi000.blp;ACTION_MOCKERY;43;193;1;39;216;39;49;names borrowed from Speedy Blupi II's def.hpp - see tools/generate_blupi000_v1_rows.py | part of a 64-entry table - likely a state lookup, not a plain animation sequence;auto:table_blupi_v1;193
blupi000.blp;ACTION_MOCKERY;45;194;1;146;317;39;51;names borrowed from Speedy Blupi II's def.hpp - see tools/generate_blupi000_v1_rows.py | part of a 64-entry table - likely a state lookup, not a plain animation sequence;auto:table_blupi_v1;194
blupi000.blp;ACTION_MOCKERY;46;195;1;65;533;38;58;names borrowed from Speedy Blupi II's def.hpp - see tools/generate_blupi000_v1_rows.py | part of a 64-entry table - likely a state lookup, not a plain animation sequence | also used by: ACTION_STOPSKATE(7x), ACTION_TURNSKATE(1x);auto:table_blupi_v1;195
blupi000.blp;ACTION_MOCKERY;47;196;1;255;533;41;58;names borrowed from Speedy Blupi II's def.hpp - see tools/generate_blupi000_v1_rows.py | part of a 64-entry table - likely a state lookup, not a plain animation sequence | also used by: ACTION_STOPSKATE(4x), ACTION_TURNSKATE(1x);auto:table_blupi_v1;196
blupi000.blp;ACTION_MOCKERY;48;197;1;591;591;47;59;names borrowed from Speedy Blupi II's def.hpp - see tools/generate_blupi000_v1_rows.py | part of a 64-entry table - likely a state lookup, not a plain animation sequence | also used by: ACTION_STOPSKATE(10x), ACTION_TURNSKATE(1x);auto:table_blupi_v1;197
blupi000.blp;ACTION_MOCKERY;49;198;1;427;533;49;58;names borrowed from Speedy Blupi II's def.hpp - see tools/generate_blupi000_v1_rows.py | part of a 64-entry table - likely a state lookup, not a plain animation sequence | also used by: ACTION_STOPSKATE(18x), ACTION_TURNSKATE(1x);auto:table_blupi_v1;198
blupi000.blp;ACTION_STOPSKATE;55;199;1;132;591;38;59;names borrowed from Speedy Blupi II's def.hpp - see tools/generate_blupi000_v1_rows.py | part of a 140-entry table - likely a state lookup, not a plain animation sequence | reused 9 more time(s) within ACTION_STOPSKATE itself | also used by: ACTION_TURNSKATE(1x);auto:table_blupi_v1;199
blupi000.blp;ACTION_TURNSKATE;6;200;1;170;591;38;59;names borrowed from Speedy Blupi II's def.hpp - see tools/generate_blupi000_v1_rows.py;auto:table_blupi_v1;200
blupi000.blp;ACTION_TURNSKATE;7;201;1;103;533;38;58;names borrowed from Speedy Blupi II's def.hpp - see tools/generate_blupi000_v1_rows.py;auto:table_blupi_v1;201
blupi000.blp;?;1;202;1;141;533;38;58;;auto:table_icon_blupi_v1;202
blupi000.blp;?;1;203;1;296;533;41;58;;auto:table_icon_blupi_v1;203
blupi000.blp;?;1;204;1;638;591;47;59;;auto:table_icon_blupi_v1;204
blupi000.blp;?;1;205;1;476;533;49;58;;auto:table_icon_blupi_v1;205
blupi000.blp;?;1;206;1;208;591;38;59;;auto:table_icon_blupi_v1;206
blupi000.blp;?;1;207;1;246;591;38;59;;auto:table_icon_blupi_v1;207
blupi000.blp;?;1;208;1;179;533;38;58;;auto:table_icon_blupi_v1;208
blupi000.blp;ACTION_STOPSKATE;5;209;1;650;369;39;53;names borrowed from Speedy Blupi II's def.hpp - see tools/generate_blupi000_v1_rows.py | part of a 140-entry table - likely a state lookup, not a plain animation sequence | reused 35 more time(s) within ACTION_STOPSKATE itself;auto:table_blupi_v1;209
blupi000.blp;?;1;210;1;689;369;39;53;;auto:table_icon_blupi_v1;210
blupi000.blp;ACTION_STOPSKATE;131;211;1;32;476;39;55;names borrowed from Speedy Blupi II's def.hpp - see tools/generate_blupi000_v1_rows.py | part of a 140-entry table - likely a state lookup, not a plain animation sequence | reused 3 more time(s) within ACTION_STOPSKATE itself | also used by: ACTION_JUMPSKATE(1x), ACTION_TAKESKATE(2x), ACTION_DEPOSESKATE(2x);auto:table_blupi_v1;211
blupi000.blp;ACTION_STOPSKATE;133;212;1;131;422;40;54;names borrowed from Speedy Blupi II's def.hpp - see tools/generate_blupi000_v1_rows.py | part of a 140-entry table - likely a state lookup, not a plain animation sequence | reused 5 more time(s) within ACTION_STOPSKATE itself | also used by: ACTION_JUMPSKATE(1x), ACTION_TAKESKATE(2x), ACTION_DEPOSESKATE(2x);auto:table_blupi_v1;212
blupi000.blp;ACTION_JUMPSKATE;3;213;1;232;476;40;56;names borrowed from Speedy Blupi II's def.hpp - see tools/generate_blupi000_v1_rows.py | also used by: ACTION_TAKESKATE(2x), ACTION_DEPOSESKATE(2x);auto:table_blupi_v1;213
blupi000.blp;ACTION_AIRSKATE;1;214;1;470;476;41;57;names borrowed from Speedy Blupi II's def.hpp - see tools/generate_blupi000_v1_rows.py | reused 1 more time(s) within ACTION_AIRSKATE itself | also used by: ACTION_TAKESKATE(2x), ACTION_DEPOSESKATE(2x);auto:table_blupi_v1;214
blupi000.blp;ACTION_AIRSKATE;3;215;1;337;533;45;58;names borrowed from Speedy Blupi II's def.hpp - see tools/generate_blupi000_v1_rows.py | reused 3 more time(s) within ACTION_AIRSKATE itself | also used by: ACTION_TAKESKATE(2x), ACTION_DEPOSESKATE(2x);auto:table_blupi_v1;215
blupi000.blp;ACTION_MOCKERY;5;216;1;685;591;48;59;names borrowed from Speedy Blupi II's def.hpp - see tools/generate_blupi000_v1_rows.py | part of a 64-entry table - likely a state lookup, not a plain animation sequence | also used by: ACTION_OUF1a(1x), ACTION_AIRSKATE(2x), ACTION_TAKESKATE(2x), ACTION_DEPOSESKATE(2x);auto:table_blupi_v1;216
blupi000.blp;ACTION_MOCKERY;6;217;1;71;476;39;55;names borrowed from Speedy Blupi II's def.hpp - see tools/generate_blupi000_v1_rows.py | part of a 64-entry table - likely a state lookup, not a plain animation sequence | also used by: ACTION_OUF1a(1x);auto:table_blupi_v1;217
blupi000.blp;ACTION_MOCKERY;7;218;1;171;422;40;54;names borrowed from Speedy Blupi II's def.hpp - see tools/generate_blupi000_v1_rows.py | part of a 64-entry table - likely a state lookup, not a plain animation sequence | also used by: ACTION_OUF1a(1x);auto:table_blupi_v1;218
blupi000.blp;ACTION_MOCKERY;8;219;1;272;476;40;56;names borrowed from Speedy Blupi II's def.hpp - see tools/generate_blupi000_v1_rows.py | part of a 64-entry table - likely a state lookup, not a plain animation sequence | also used by: ACTION_OUF1a(1x);auto:table_blupi_v1;219
blupi000.blp;ACTION_MOCKERY;9;220;1;511;476;41;57;names borrowed from Speedy Blupi II's def.hpp - see tools/generate_blupi000_v1_rows.py | part of a 64-entry table - likely a state lookup, not a plain animation sequence | also used by: ACTION_OUF1a(1x), ACTION_TURN(1x);auto:table_blupi_v1;220
blupi000.blp;ACTION_MOCKERY;10;221;1;382;533;45;58;names borrowed from Speedy Blupi II's def.hpp - see tools/generate_blupi000_v1_rows.py | part of a 64-entry table - likely a state lookup, not a plain animation sequence | also used by: ACTION_OUF1a(1x);auto:table_blupi_v1;221
blupi000.blp;ACTION_MOCKERY;11;222;1;733;591;48;59;names borrowed from Speedy Blupi II's def.hpp - see tools/generate_blupi000_v1_rows.py | part of a 64-entry table - likely a state lookup, not a plain animation sequence;auto:table_blupi_v1;222
blupi000.blp;ACTION_MOCKERY;12;223;1;650;317;35;52;names borrowed from Speedy Blupi II's def.hpp - see tools/generate_blupi000_v1_rows.py | part of a 64-entry table - likely a state lookup, not a plain animation sequence | also used by: ACTION_OUF1a(7x), ACTION_OUF1b(7x);auto:table_blupi_v1;223
blupi000.blp;ACTION_MOCKERY;19;224;1;0;369;37;52;names borrowed from Speedy Blupi II's def.hpp - see tools/generate_blupi000_v1_rows.py | part of a 64-entry table - likely a state lookup, not a plain animation sequence | also used by: ACTION_OUF1a(5x), ACTION_OUF1b(5x);auto:table_blupi_v1;224
blupi000.blp;ACTION_MOCKERY;20;225;1;728;369;39;53;names borrowed from Speedy Blupi II's def.hpp - see tools/generate_blupi000_v1_rows.py | part of a 64-entry table - likely a state lookup, not a plain animation sequence | also used by: ACTION_OUF1a(5x), ACTION_OUF1b(5x);auto:table_blupi_v1;225
blupi000.blp;ACTION_MOCKERY;21;226;1;0;422;39;53;names borrowed from Speedy Blupi II's def.hpp - see tools/generate_blupi000_v1_rows.py | part of a 64-entry table - likely a state lookup, not a plain animation sequence | also used by: ACTION_OUF1a(8x), ACTION_OUF1b(8x);auto:table_blupi_v1;226
blupi000.blp;ACTION_MOCKERY;22;227;1;227;369;43;52;names borrowed from Speedy Blupi II's def.hpp - see tools/generate_blupi000_v1_rows.py | part of a 64-entry table - likely a state lookup, not a plain animation sequence | also used by: ACTION_OUF1a(1x), ACTION_OUF2(4x);auto:table_blupi_v1;227
blupi000.blp;ACTION_MOCKERY;23;228;1;185;317;42;51;names borrowed from Speedy Blupi II's def.hpp - see tools/generate_blupi000_v1_rows.py | part of a 64-entry table - likely a state lookup, not a plain animation sequence | also used by: ACTION_OUF1a(1x), ACTION_OUF2(10x);auto:table_blupi_v1;228
blupi000.blp;ACTION_MOCKERY;24;229;1;227;317;42;51;names borrowed from Speedy Blupi II's def.hpp - see tools/generate_blupi000_v1_rows.py | part of a 64-entry table - likely a state lookup, not a plain animation sequence | also used by: ACTION_OUF1a(1x), ACTION_OUF2(10x);auto:table_blupi_v1;229
blupi000.blp;ACTION_MOCKERY;25;230;1;269;317;42;51;names borrowed from Speedy Blupi II's def.hpp - see tools/generate_blupi000_v1_rows.py | part of a 64-entry table - likely a state lookup, not a plain animation sequence | also used by: ACTION_OUF1a(1x), ACTION_OUF2(4x);auto:table_blupi_v1;230
blupi000.blp;ACTION_MOCKERY;13;231;1;270;369;43;52;names borrowed from Speedy Blupi II's def.hpp - see tools/generate_blupi000_v1_rows.py | part of a 64-entry table - likely a state lookup, not a plain animation sequence | also used by: ACTION_OUF1a(1x), ACTION_TURN(1x), ACTION_OUF3(6x);auto:table_blupi_v1;231
blupi000.blp;ACTION_MOCKERY;14;232;1;311;317;43;51;names borrowed from Speedy Blupi II's def.hpp - see tools/generate_blupi000_v1_rows.py | part of a 64-entry table - likely a state lookup, not a plain animation sequence | also used by: ACTION_OUF1a(1x), ACTION_OUF3(16x);auto:table_blupi_v1;232
blupi000.blp;ACTION_MOCKERY;26;233;1;33;317;37;51;names borrowed from Speedy Blupi II's def.hpp - see tools/generate_blupi000_v1_rows.py | part of a 64-entry table - likely a state lookup, not a plain animation sequence | also used by: ACTION_OUF1a(1x), ACTION_OUF4(12x);auto:table_blupi_v1;233
blupi000.blp;ACTION_MOCKERY;15;234;1;71;266;37;50;names borrowed from Speedy Blupi II's def.hpp - see tools/generate_blupi000_v1_rows.py | part of a 64-entry table - likely a state lookup, not a plain animation sequence | also used by: ACTION_OUF4(12x);auto:table_blupi_v1;234
blupi000.blp;ACTION_MOCKERY;16;235;1;399;266;47;50;names borrowed from Speedy Blupi II's def.hpp - see tools/generate_blupi000_v1_rows.py | part of a 64-entry table - likely a state lookup, not a plain animation sequence | also used by: ACTION_SUCETTE(8x);auto:table_blupi_v1;235
blupi000.blp;ACTION_SUCETTE;5;236;1;354;317;48;51;names borrowed from Speedy Blupi II's def.hpp - see tools/generate_blupi000_v1_rows.py | eating lollipop | reused 15 more time(s) within ACTION_SUCETTE itself;auto:table_blupi_v1;236
blupi000.blp;ACTION_SUCETTE;7;237;1;313;369;49;52;names borrowed from Speedy Blupi II's def.hpp - see tools/generate_blupi000_v1_rows.py | eating lollipop | reused 7 more time(s) within ACTION_SUCETTE itself;auto:table_blupi_v1;237
blupi000.blp;ACTION_STOPTANK;59;238;1;96;650;57;59;names borrowed from Speedy Blupi II's def.hpp - see tools/generate_blupi000_v1_rows.py | part of a 64-entry table - likely a state lookup, not a plain animation sequence | reused 3 more time(s) within ACTION_STOPTANK itself | also used by: ACTION_MARCHTANK(2x);auto:table_blupi_v1;238
blupi000.blp;ACTION_STOPTANK;1;239;1;580;533;56;58;names borrowed from Speedy Blupi II's def.hpp - see tools/generate_blupi000_v1_rows.py | part of a 64-entry table - likely a state lookup, not a plain animation sequence | reused 9 more time(s) within ACTION_STOPTANK itself | also used by: ACTION_MARCHTANK(4x), ACTION_TURNTANK(1x), ACTION_FIRETANK(4x);auto:table_blupi_v1;239
blupi000.blp;ACTION_STOPTANK;3;240;1;153;650;57;59;names borrowed from Speedy Blupi II's def.hpp - see tools/generate_blupi000_v1_rows.py | part of a 64-entry table - likely a state lookup, not a plain animation sequence | reused 3 more time(s) within ACTION_STOPTANK itself | also used by: ACTION_MARCHTANK(2x), ACTION_TURNTANK(1x);auto:table_blupi_v1;240
blupi000.blp;ACTION_STOPTANK;5;241;1;210;650;58;59;names borrowed from Speedy Blupi II's def.hpp - see tools/generate_blupi000_v1_rows.py | part of a 64-entry table - likely a state lookup, not a plain animation sequence | reused 11 more time(s) within ACTION_STOPTANK itself | also used by: ACTION_TURNTANK(1x);auto:table_blupi_v1;241
blupi000.blp;ACTION_STOPTANK;7;242;1;692;533;60;58;names borrowed from Speedy Blupi II's def.hpp - see tools/generate_blupi000_v1_rows.py | part of a 64-entry table - likely a state lookup, not a plain animation sequence | reused 33 more time(s) within ACTION_STOPTANK itself | also used by: ACTION_TURNTANK(1x);auto:table_blupi_v1;242
blupi000.blp;ACTION_TURNTANK;5;243;1;268;650;58;59;names borrowed from Speedy Blupi II's def.hpp - see tools/generate_blupi000_v1_rows.py;auto:table_blupi_v1;243
blupi000.blp;ACTION_TURNTANK;6;244;1;0;650;48;59;names borrowed from Speedy Blupi II's def.hpp - see tools/generate_blupi000_v1_rows.py;auto:table_blupi_v1;244
blupi000.blp;ACTION_TURNTANK;7;245;1;48;650;48;59;names borrowed from Speedy Blupi II's def.hpp - see tools/generate_blupi000_v1_rows.py;auto:table_blupi_v1;245
blupi000.blp;ACTION_TURNTANK;8;246;1;326;650;58;59;names borrowed from Speedy Blupi II's def.hpp - see tools/generate_blupi000_v1_rows.py;auto:table_blupi_v1;246
blupi000.blp;ACTION_TURNTANK;9;247;1;0;591;60;58;names borrowed from Speedy Blupi II's def.hpp - see tools/generate_blupi000_v1_rows.py;auto:table_blupi_v1;247
blupi000.blp;ACTION_TURNTANK;10;248;1;500;650;59;59;names borrowed from Speedy Blupi II's def.hpp - see tools/generate_blupi000_v1_rows.py;auto:table_blupi_v1;248
blupi000.blp;ACTION_TURNTANK;11;249;1;384;650;58;59;names borrowed from Speedy Blupi II's def.hpp - see tools/generate_blupi000_v1_rows.py;auto:table_blupi_v1;249
blupi000.blp;ACTION_TURNTANK;12;250;1;636;533;56;58;names borrowed from Speedy Blupi II's def.hpp - see tools/generate_blupi000_v1_rows.py;auto:table_blupi_v1;250
blupi000.blp;?;1;251;1;442;650;58;59;;auto:table_icon_blupi_v1;251
blupi000.blp;ACTION_FIRETANK;1;252;1;525;533;55;58;names borrowed from Speedy Blupi II's def.hpp - see tools/generate_blupi000_v1_rows.py | reused 1 more time(s) within ACTION_FIRETANK itself;auto:table_blupi_v1;252
blupi000.blp;?;1;253;1;727;476;55;57;;auto:table_icon_blupi_v1;253
blupi000.blp;ACTION_DRINK;1;254;1;307;266;46;50;names borrowed from Speedy Blupi II's def.hpp - see tools/generate_blupi000_v1_rows.py | reused 1 more time(s) within ACTION_DRINK itself;auto:table_blupi_v1;254
blupi000.blp;ACTION_DRINK;3;255;1;262;266;45;50;names borrowed from Speedy Blupi II's def.hpp - see tools/generate_blupi000_v1_rows.py | reused 1 more time(s) within ACTION_DRINK itself;auto:table_blupi_v1;255
blupi000.blp;?;1;256;1;446;266;47;50;;auto:table_icon_blupi_v1;256
blupi000.blp;?;1;257;1;353;266;46;50;;auto:table_icon_blupi_v1;257
blupi000.blp;Yellow Bomb;5;258;1;266;0;44;24;hand-measured and verified in the original speedy_blupi_I.spritesheet.csv;ok;258
blupi000.blp;Yellow Bomb;4;259;1;224;0;42;24;hand-measured and verified in the original speedy_blupi_I.spritesheet.csv;ok;259
blupi000.blp;Yellow Bomb;2;260;1;146;0;38;24;hand-measured and verified in the original speedy_blupi_I.spritesheet.csv;ok;260
blupi000.blp;Yellow Bomb;1;261;1;112;0;34;24;hand-measured and verified in the original speedy_blupi_I.spritesheet.csv;ok;261
blupi000.blp;Yellow Bomb;3;262;1;184;0;40;24;hand-measured and verified in the original speedy_blupi_I.spritesheet.csv;ok;262
blupi000.blp;Yellow Bomb;6;263;1;310;0;45;24;hand-measured and verified in the original speedy_blupi_I.spritesheet.csv;ok;263
blupi000.blp;ACTION_MOCKERY;1;264;1;0;167;31;49;names borrowed from Speedy Blupi II's def.hpp - see tools/generate_blupi000_v1_rows.py | part of a 92-entry table - likely a state lookup, not a plain animation sequence | reused 7 more time(s) within ACTION_MOCKERY itself;auto:table_blupi_v1;264
blupi000.blp;ACTION_MOCKERY;2;265;1;190;216;31;50;names borrowed from Speedy Blupi II's def.hpp - see tools/generate_blupi000_v1_rows.py | part of a 92-entry table - likely a state lookup, not a plain animation sequence | reused 15 more time(s) within ACTION_MOCKERY itself;auto:table_blupi_v1;265
blupi000.blp;ACTION_MOCKERY;3;266;1;221;216;31;50;names borrowed from Speedy Blupi II's def.hpp - see tools/generate_blupi000_v1_rows.py | part of a 92-entry table - likely a state lookup, not a plain animation sequence | reused 7 more time(s) within ACTION_MOCKERY itself;auto:table_blupi_v1;266
blupi000.blp;ACTION_ELECTRO;1;267;1;152;476;48;55;names borrowed from Speedy Blupi II's def.hpp - see tools/generate_blupi000_v1_rows.py | part of a 90-entry table - likely a state lookup, not a plain animation sequence | reused 14 more time(s) within ACTION_ELECTRO itself;auto:table_blupi_v1;267
blupi000.blp;ACTION_ELECTRO;2;268;1;312;476;51;56;names borrowed from Speedy Blupi II's def.hpp - see tools/generate_blupi000_v1_rows.py | part of a 90-entry table - likely a state lookup, not a plain animation sequence | reused 14 more time(s) within ACTION_ELECTRO itself;auto:table_blupi_v1;268
blupi000.blp;ACTION_CHARGE;4;269;1;134;216;28;50;names borrowed from Speedy Blupi II's def.hpp - see tools/generate_blupi000_v1_rows.py | part of a 64-entry table - likely a state lookup, not a plain animation sequence | reused 11 more time(s) within ACTION_CHARGE itself;auto:table_blupi_v1;269
blupi000.blp;ACTION_CHARGE;38;270;1;0;266;35;50;names borrowed from Speedy Blupi II's def.hpp - see tools/generate_blupi000_v1_rows.py | part of a 64-entry table - likely a state lookup, not a plain animation sequence | reused 3 more time(s) within ACTION_CHARGE itself;auto:table_blupi_v1;270
blupi000.blp;ACTION_CHARGE;3;271;1;162;216;28;50;names borrowed from Speedy Blupi II's def.hpp - see tools/generate_blupi000_v1_rows.py | part of a 64-entry table - likely a state lookup, not a plain animation sequence | reused 11 more time(s) within ACTION_CHARGE itself;auto:table_blupi_v1;271
blupi000.blp;ACTION_HELICOGLU;3;272;1;60;591;36;59;names borrowed from Speedy Blupi II's def.hpp - see tools/generate_blupi000_v1_rows.py | reused 3 more time(s) within ACTION_HELICOGLU itself;auto:table_blupi_v1;272
blupi000.blp;ACTION_HELICOGLU;7;273;1;96;591;36;59;names borrowed from Speedy Blupi II's def.hpp - see tools/generate_blupi000_v1_rows.py | reused 1 more time(s) within ACTION_HELICOGLU itself;auto:table_blupi_v1;273
blupi000.blp;ACTION_HELICOGLU;9;274;1;217;533;38;58;names borrowed from Speedy Blupi II's def.hpp - see tools/generate_blupi000_v1_rows.py | reused 3 more time(s) within ACTION_HELICOGLU itself;auto:table_blupi_v1;274
blupi000.blp;ACTION_HELICOGLU;1;275;1;410;591;43;59;names borrowed from Speedy Blupi II's def.hpp - see tools/generate_blupi000_v1_rows.py | reused 3 more time(s) within ACTION_HELICOGLU itself;auto:table_blupi_v1;275
blupi000.blp;?;1;276;1;325;591;42;59;;auto:table_icon_blupi_v1;276
blupi000.blp;Yellow_Eggbert_Born;8;277;1;456;0;28;31;originally auto-labeled ACTION_TURN | names borrowed from Speedy Blupi II's def.hpp - see tools/generate_blupi000_v1_rows.py | reused 1 more time(s) within ACTION_TURN itself | hand-measured and verified in the original speedy_blupi_I.spritesheet.csv;ok;277
blupi000.blp;Yellow_Eggbert_Born;6;278;1;400;0;28;29;originally auto-labeled ACTION_TURN | names borrowed from Speedy Blupi II's def.hpp - see tools/generate_blupi000_v1_rows.py | reused 1 more time(s) within ACTION_TURN itself | hand-measured and verified in the original speedy_blupi_I.spritesheet.csv;ok;278
blupi000.blp;YELLOW_EGGBERT_BORN;1;279;1;0;0;28;20;originally auto-labeled ACTION_TURN | names borrowed from Speedy Blupi II's def.hpp - see tools/generate_blupi000_v1_rows.py | reused 1 more time(s) within ACTION_TURN itself | hand-measured and verified in the original speedy_blupi_I.spritesheet.csv;ok;279
blupi000.blp;Yellow_Eggbert_Born;3;280;1;56;0;28;23;originally auto-labeled ACTION_TURN | names borrowed from Speedy Blupi II's def.hpp - see tools/generate_blupi000_v1_rows.py | reused 1 more time(s) within ACTION_TURN itself | hand-measured and verified in the original speedy_blupi_I.spritesheet.csv;ok;280
blupi000.blp;Yellow_Eggbert_Born;7;281;1;428;0;28;30;originally auto-labeled ACTION_TURN | names borrowed from Speedy Blupi II's def.hpp - see tools/generate_blupi000_v1_rows.py | reused 1 more time(s) within ACTION_TURN itself | hand-measured and verified in the original speedy_blupi_I.spritesheet.csv;ok;281
blupi000.blp;Yellow_Eggbert_Born;9;282;1;597;0;28;32;originally auto-labeled ACTION_TURN | names borrowed from Speedy Blupi II's def.hpp - see tools/generate_blupi000_v1_rows.py | reused 1 more time(s) within ACTION_TURN itself | hand-measured and verified in the original speedy_blupi_I.spritesheet.csv;ok;282
blupi000.blp;Yellow_Eggbert_Born;4;283;1;84;0;28;23;originally auto-labeled ACTION_TURN | names borrowed from Speedy Blupi II's def.hpp - see tools/generate_blupi000_v1_rows.py | reused 1 more time(s) within ACTION_TURN itself | hand-measured and verified in the original speedy_blupi_I.spritesheet.csv;ok;283
blupi000.blp;Yellow_Eggbert_Born;2;284;1;28;0;28;20;originally auto-labeled ACTION_TURN | names borrowed from Speedy Blupi II's def.hpp - see tools/generate_blupi000_v1_rows.py | reused 1 more time(s) within ACTION_TURN itself | hand-measured and verified in the original speedy_blupi_I.spritesheet.csv;ok;284
blupi000.blp;Yellow_Eggbert_Born;5;285;1;372;0;28;27;originally auto-labeled ACTION_TURN | names borrowed from Speedy Blupi II's def.hpp - see tools/generate_blupi000_v1_rows.py | reused 1 more time(s) within ACTION_TURN itself | hand-measured and verified in the original speedy_blupi_I.spritesheet.csv;ok;285
blupi000.blp;ACTION_MOCKERYi;7;286;1;31;167;31;49;names borrowed from Speedy Blupi II's def.hpp - see tools/generate_blupi000_v1_rows.py | part of a 104-entry table - likely a state lookup, not a plain animation sequence | reused 7 more time(s) within ACTION_MOCKERYi itself;auto:table_blupi_v1;286
blupi000.blp;ACTION_MOCKERYi;8;287;1;252;216;31;50;names borrowed from Speedy Blupi II's def.hpp - see tools/generate_blupi000_v1_rows.py | part of a 104-entry table - likely a state lookup, not a plain animation sequence | reused 15 more time(s) within ACTION_MOCKERYi itself;auto:table_blupi_v1;287
blupi000.blp;ACTION_MOCKERYi;9;288;1;283;216;31;50;names borrowed from Speedy Blupi II's def.hpp - see tools/generate_blupi000_v1_rows.py | part of a 104-entry table - likely a state lookup, not a plain animation sequence | reused 7 more time(s) within ACTION_MOCKERYi itself;auto:table_blupi_v1;288
blupi000.blp;ACTION_OUF5;3;289;1;37;369;37;52;names borrowed from Speedy Blupi II's def.hpp - see tools/generate_blupi000_v1_rows.py | part of a 44-entry table - likely a state lookup, not a plain animation sequence | reused 9 more time(s) within ACTION_OUF5 itself;auto:table_blupi_v1;289
blupi000.blp;ACTION_OUF5;5;290;1;74;369;37;52;names borrowed from Speedy Blupi II's def.hpp - see tools/generate_blupi000_v1_rows.py | part of a 44-entry table - likely a state lookup, not a plain animation sequence | reused 14 more time(s) within ACTION_OUF5 itself;auto:table_blupi_v1;290
blupi000.blp;ACTION_OUF5;7;291;1;70;317;37;51;names borrowed from Speedy Blupi II's def.hpp - see tools/generate_blupi000_v1_rows.py | part of a 44-entry table - likely a state lookup, not a plain animation sequence | reused 14 more time(s) within ACTION_OUF5 itself;auto:table_blupi_v1;291
explo.blp;?;1;1;1;;0;32;28;ok;;1
explo.blp;?;1;1;2;;0;123;4;ok;;2
explo.blp;?;1;1;3;;0;122;5;ok;;3
explo.blp;?;1;1;4;;0;124;4;ok;;4
explo.blp;?;1;1;5;;0;93;4;ok;;5
explo.blp;?;1;1;6;;0;111;6;ok;;6
explo.blp;?;1;1;7;;0;128;0;ok;;7
explo.blp;?;1;2;1;;51;58;61;ok;;8
explo.blp;?;1;2;2;;51;123;10;ok;;9
explo.blp;?;1;2;3;;51;81;12;ok;;10
explo.blp;?;1;2;4;;51;115;0;ok;;11
explo.blp;?;1;2;5;;51;111;12;ok;;12
explo.blp;?;1;2;6;;51;124;0;ok;;13
explo.blp;?;1;2;7;;51;127;0;ok;;14
explo.blp;?;1;3;1;;146;110;98;;;15
explo.blp;?;1;3;2;;146;120;4;;;16
explo.blp;?;1;3;3;;146;110;2;;;17
explo.blp;?;1;3;4;;146;110;0;;;18
explo.blp;?;1;3;5;;146;96;1;;;19
explo.blp;?;1;3;6;;146;113;1;;;20
explo.blp;?;1;3;7;;146;122;1;;;21
explo.blp;?;1;4;1;;254;127;108;;;22
explo.blp;?;1;4;2;;254;110;3;;;23
explo.blp;?;1;4;3;;254;113;1;;;24
explo.blp;?;1;4;4;;254;116;1;;;25
explo.blp;?;1;4;5;;254;98;2;;;26
explo.blp;?;1;4;6;;254;110;0;;;27
explo.blp;?;1;4;7;;254;99;1;;;28
explo.blp;?;1;5;1;;370;113;116;;;29
explo.blp;?;1;5;2;;370;117;0;;;30
explo.blp;?;1;5;3;;370;106;1;;;31
explo.blp;?;1;5;4;;370;119;1;;;32
explo.blp;?;1;5;5;;370;127;0;;;33
explo.blp;?;1;5;6;;370;118;2;;;34
explo.blp;?;1;5;7;;370;56;1;;;35
explo.blp;?;1;6;1;;491;122;121;;;36
explo.blp;?;1;6;2;;491;122;0;;;37
explo.blp;?;1;6;3;;491;123;0;;;38
explo.blp;?;1;6;4;;491;126;0;;;39
explo.blp;?;1;6;5;;491;127;1;;;40
explo.blp;?;1;6;6;;491;110;1;;;41
explo.blp;?;1;7;1;;614;119;124;;;42
explo.blp;?;1;7;2;;614;92;1;;;43
explo.blp;?;1;7;3;;614;123;0;;;44
explo.blp;?;1;7;4;;614;128;0;;;45
explo.blp;?;1;7;5;;614;124;1;;;46
explo.blp;?;1;7;6;;614;126;0;;;47
explo.blp;?;1;8;1;;740;126;126;;;48
explo.blp;?;1;8;2;;740;84;1;;;49
explo.blp;?;1;8;3;;740;110;0;;;50
explo.blp;?;1;8;4;;740;127;0;;;51
explo.blp;?;1;8;5;;740;81;1;;;52
explo.blp;?;1;8;6;;740;81;0;;;53
explo.blp;?;1;8;7;;740;104;0;;;54
button00.blp;?;1;1;1;;0;40;40;;;1
button00.blp;?;1;1;2;;0;40;0;;;2
button00.blp;?;1;1;3;;0;40;0;;;3
button00.blp;?;1;1;4;;0;40;0;;;4
button00.blp;?;1;1;5;;0;40;0;;;5
button00.blp;?;1;1;6;;0;40;0;;;6
button00.blp;?;1;2;1;;40;40;40;;;7
button00.blp;?;1;2;2;;40;40;0;;;8
button00.blp;?;1;2;3;;40;40;0;;;9
button00.blp;?;1;2;4;;40;40;0;;;10
button00.blp;?;1;2;5;;40;40;0;;;11
button00.blp;?;1;2;6;;40;40;0;;;12
button00.blp;?;1;3;1;;80;40;40;;;13
button00.blp;?;1;3;2;;80;40;0;;;14
button00.blp;?;1;3;3;;80;40;0;;;15
button00.blp;?;1;3;4;;80;40;0;;;16
button00.blp;?;1;3;5;;80;40;0;;;17
button00.blp;?;1;3;6;;80;40;0;;;18
button00.blp;?;1;4;1;;120;40;40;;;19
button00.blp;?;1;4;2;;120;40;0;;;20
button00.blp;?;1;4;3;;120;40;0;;;21
button00.blp;?;1;4;4;;120;40;0;;;22
button00.blp;?;1;4;5;;120;40;0;;;23
button00.blp;?;1;4;6;;120;40;0;;;24
button00.blp;?;1;5;1;;160;40;40;;;25
button00.blp;?;1;5;2;;160;40;0;;;26
button00.blp;?;1;5;3;;160;40;0;;;27
button00.blp;?;1;5;4;;160;40;0;;;28
button00.blp;?;1;5;5;;160;40;0;;;29
button00.blp;?;1;5;6;;160;40;0;;;30
button00.blp;?;1;6;1;;200;40;40;;;31
button00.blp;?;1;6;2;;200;40;0;;;32
button00.blp;?;1;6;3;;200;40;0;;;33
button00.blp;?;1;6;4;;200;40;0;;;34
button00.blp;?;1;6;5;;200;40;0;;;35
button00.blp;?;1;6;6;;200;40;0;;;36
button00.blp;?;1;7;1;;240;40;40;;;37
button00.blp;?;1;7;2;;240;40;0;;;38
button00.blp;?;1;7;3;;240;40;0;;;39
button00.blp;?;1;7;4;;240;40;0;;;40
button00.blp;?;1;7;5;;240;40;0;;;41
button00.blp;?;1;7;6;;240;40;0;;;42
button00.blp;?;1;8;1;;280;40;40;;;43
button00.blp;?;1;8;2;;280;40;0;;;44
button00.blp;?;1;8;3;;280;40;0;;;45
button00.blp;?;1;8;4;;280;40;0;;;46
button00.blp;?;1;8;5;;280;40;0;;;47
button00.blp;?;1;8;6;;280;40;0;;;48
button00.blp;?;1;9;1;;320;40;40;;;49
button00.blp;?;1;9;2;;320;40;0;;;50
button00.blp;?;1;9;3;;320;40;0;;;51
button00.blp;?;1;9;4;;320;40;0;;;52
button00.blp;?;1;9;5;;320;40;0;;;53
button00.blp;?;1;9;6;;320;40;0;;;54
button00.blp;?;1;10;1;;360;40;40;;;55
button00.blp;?;1;10;2;;360;40;0;;;56
button00.blp;?;1;10;3;;360;40;0;;;57
button00.blp;?;1;10;4;;360;40;0;;;58
button00.blp;?;1;10;5;;360;40;0;;;59
button00.blp;?;1;10;6;;360;40;0;;;60
button00.blp;?;1;11;1;;400;40;40;;;61
button00.blp;?;1;11;2;;400;40;0;;;62
button00.blp;?;1;11;3;;400;40;0;;;63
button00.blp;?;1;11;4;;400;40;0;;;64
button00.blp;?;1;11;5;;400;40;0;;;65
button00.blp;?;1;11;6;;400;40;0;;;66
button00.blp;?;1;12;1;;440;40;40;;;67
button00.blp;?;1;12;2;;440;40;0;;;68
button00.blp;?;1;12;3;;440;40;0;;;69
button00.blp;?;1;12;4;;440;40;0;;;70
button00.blp;?;1;12;5;;440;40;0;;;71
button00.blp;?;1;12;6;;440;40;0;;;72
button00.blp;?;1;13;1;;480;40;40;;;73
button00.blp;?;1;13;2;;480;40;0;;;74
button00.blp;?;1;13;3;;480;40;0;;;75
button00.blp;?;1;13;4;;480;40;0;;;76
button00.blp;?;1;13;5;;480;40;0;;;77
button00.blp;?;1;13;6;;480;40;0;;;78
button00.blp;?;1;14;1;;520;40;40;;;79
button00.blp;?;1;14;2;;520;40;0;;;80
button00.blp;?;1;14;3;;520;40;0;;;81
button00.blp;?;1;14;4;;520;40;0;;;82
button00.blp;?;1;14;5;;520;40;0;;;83
button00.blp;?;1;14;6;;520;40;0;;;84
button00.blp;?;1;15;1;;560;40;40;;;85
button00.blp;?;1;15;2;;560;40;0;;;86
button00.blp;?;1;15;3;;560;40;0;;;87
button00.blp;?;1;15;4;;560;40;0;;;88
button00.blp;?;1;15;5;;560;40;0;;;89
button00.blp;?;1;15;6;;560;40;0;;;90
button00.blp;?;1;16;1;;600;40;40;;;91
button00.blp;?;1;16;2;;600;40;0;;;92
button00.blp;?;1;16;3;;600;40;0;;;93
button00.blp;?;1;16;4;;600;40;0;;;94
button00.blp;?;1;16;5;;600;40;0;;;95
button00.blp;?;1;16;6;;600;40;0;;;96
button00.blp;?;1;17;1;;640;40;40;;;97
button00.blp;?;1;17;2;;640;40;0;;;98
button00.blp;?;1;17;3;;640;40;0;;;99
button00.blp;?;1;17;4;;640;40;0;;;100
button00.blp;?;1;17;5;;640;40;0;;;101
button00.blp;?;1;17;6;;640;40;0;;;102
button00.blp;?;1;18;1;;680;40;40;;;103
button00.blp;?;1;18;2;;680;40;0;;;104
button00.blp;?;1;18;3;;680;40;0;;;105
button00.blp;?;1;18;4;;680;40;0;;;106
button00.blp;?;1;19;1;;720;40;40;;;107
button00.blp;?;1;19;2;;720;40;0;;;108
button00.blp;?;1;19;3;;720;40;0;;;109
button00.blp;?;1;19;4;;720;40;0;;;110
button00.blp;?;1;20;1;;760;40;40;;;111
button00.blp;?;1;20;2;;760;40;0;;;112
button00.blp;?;1;20;3;;760;40;0;;;113
button00.blp;?;1;20;4;;760;40;0;;;114
button00.blp;?;1;21;1;;800;40;40;;;115
button00.blp;?;1;21;2;;800;40;0;;;116
button00.blp;?;1;21;3;;800;40;0;;;117
button00.blp;?;1;21;4;;800;40;0;;;118
object.blp;?;1;1;1;;0;64;5;ok;;1
object.blp;?;1;1;2;;0;5;5;ok;;2
object.blp;?;1;1;3;;0;64;4;ok;;3
object.blp;?;1;1;4;;0;16;5;ok;;4
object.blp;?;1;1;5;;0;64;12;ok;;5
object.blp;?;1;1;6;;0;64;3;ok;;6
object.blp;?;1;1;7;;0;64;1;ok;;7
object.blp;?;1;1;8;;0;64;0;ok;;8
object.blp;?;1;1;9;;0;64;0;ok;;9
object.blp;?;1;1;10;;0;64;0;ok;;10
object.blp;?;1;1;11;;0;64;1;ok;;11
object.blp;?;1;1;12;;0;64;3;ok;;12
object.blp;?;1;1;13;;0;52;5;ok;;13
object.blp;?;1;1;14;;0;64;0;ok;;14
object.blp;?;1;1;15;;0;40;4;ok;;15
object.blp;?;1;1;16;;0;40;0;ok;;16
object.blp;?;1;2;1;;48;40;48;ok;;17
object.blp;?;1;2;2;;48;40;0;ok;;18
object.blp;?;1;2;3;;48;40;0;ok;;19
object.blp;?;1;2;4;;48;40;0;ok;;20
object.blp;?;1;2;5;;48;40;0;ok;;21
object.blp;?;1;2;6;;48;40;0;ok;;22
object.blp;?;1;2;7;;48;64;1;ok;;23
object.blp;?;1;2;8;;48;64;0;ok;;24
object.blp;?;1;2;9;;48;64;0;ok;;25
object.blp;?;1;2;10;;48;64;0;ok;;26
object.blp;?;1;2;11;;48;64;0;ok;;27
object.blp;?;1;2;12;;48;64;0;ok;;28
object.blp;?;1;2;13;;48;64;0;ok;;29
object.blp;?;1;2;14;;48;64;0;ok;;30
object.blp;?;1;2;15;;48;28;1;ok;;31
object.blp;?;1;2;16;;48;28;0;ok;;32
object.blp;?;1;2;17;;48;28;2;ok;;33
object.blp;?;1;2;18;;48;28;0;ok;;34
object.blp;?;1;3;1;;100;64;53;ok;;35
object.blp;?;1;3;2;;100;64;0;ok;;36
object.blp;?;1;3;3;;100;34;1;ok;;37
object.blp;?;1;3;4;;100;35;0;ok;;38
object.blp;?;1;3;5;;100;64;0;ok;;39
object.blp;?;1;3;6;;100;28;1;ok;;40
object.blp;?;1;3;7;;100;53;0;ok;;41
object.blp;?;1;3;8;;100;28;2;ok;;42
object.blp;?;1;3;9;;100;39;1;ok;;43
object.blp;?;1;3;10;;100;49;0;ok;;44
object.blp;?;1;3;11;;100;64;0;ok;;45
object.blp;?;1;3;12;;100;28;1;ok;;46
object.blp;?;1;3;13;;100;62;0;ok;;47
object.blp;?;1;3;14;;100;40;1;ok;;48
object.blp;?;1;3;15;;100;40;0;ok;;49
object.blp;?;1;3;16;;100;40;0;ok;;50
object.blp;?;1;3;17;;100;40;0;ok;;51
object.blp;?;1;3;18;;100;40;0;ok;;52
object.blp;?;1;3;19;;100;40;0;ok;;53
object.blp;?;1;3;20;;100;40;0;ok;;54
object.blp;?;1;4;1;;160;40;60;ok;;55
object.blp;?;1;4;2;;160;40;0;ok;;56
object.blp;?;1;4;3;;160;40;0;ok;;57
object.blp;?;1;4;4;;160;40;0;ok;;58
object.blp;?;1;4;5;;160;40;0;ok;;59
object.blp;?;1;4;6;;160;40;0;ok;;60
object.blp;?;1;4;7;;160;40;0;ok;;61
object.blp;?;1;4;8;;160;40;0;ok;;62
object.blp;?;1;4;9;;160;40;0;ok;;63
object.blp;?;1;4;10;;160;40;0;ok;;64
object.blp;?;1;4;11;;160;56;0;ok;;65
object.blp;spring;1;4;12;;160;59;0;ok;;66
object.blp;spring;1;4;13;;160;59;0;ok;;67
object.blp;?;1;4;14;;160;64;0;ok;;68
object.blp;?;1;4;15;;160;64;0;ok;;69
object.blp;?;1;4;16;;160;64;0;ok;;70
object.blp;?;1;4;17;;160;64;0;ok;;71
object.blp;?;1;4;18;;160;64;1;ok;;72
object.blp;?;1;5;1;;221;64;61;ok;;73
object.blp;?;1;5;2;;221;64;0;ok;;74
object.blp;spring;1;5;3;;221;58;1;ok;;75
object.blp;spring;1;5;4;;221;59;0;ok;;76
object.blp;?;1;5;5;;221;63;0;ok;;77
object.blp;?;1;5;6;;221;63;0;ok;;78
object.blp;?;1;5;7;;221;63;0;ok;;79
object.blp;?;1;5;8;;221;63;0;ok;;80
object.blp;?;1;5;9;;221;64;0;ok;;81
object.blp;?;1;5;10;;221;64;0;ok;;82
object.blp;?;1;5;11;;221;64;0;ok;;83
object.blp;?;1;5;12;;221;64;0;ok;;84
object.blp;?;1;5;13;;221;64;0;ok;;85
object.blp;?;1;5;14;;221;46;1;ok;;86
object.blp;?;1;6;1;;284;47;63;ok;;87
object.blp;?;1;6;2;;284;58;0;ok;;88
object.blp;?;1;6;3;;284;63;0;ok;;89
object.blp;?;1;6;4;;284;63;0;ok;;90
object.blp;?;1;6;5;;284;63;0;ok;;91
object.blp;?;1;6;6;;284;63;0;ok;;92
object.blp;?;1;6;7;;284;63;0;ok;;93
object.blp;?;1;6;8;;284;63;0;ok;;94
object.blp;?;1;6;9;;284;63;0;ok;;95
object.blp;?;1;6;10;;284;64;0;ok;;96
object.blp;?;1;6;11;;284;64;0;ok;;97
object.blp;?;1;6;12;;284;64;0;ok;;98
object.blp;?;1;6;13;;284;64;0;ok;;99
object.blp;?;1;6;14;;284;64;0;ok;;100
object.blp;?;1;7;1;;347;64;63;ok;;101
object.blp;?;1;7;2;;347;64;0;ok;;102
object.blp;?;1;7;3;;347;64;1;ok;;103
object.blp;?;1;7;4;;347;64;0;ok;;104
object.blp;?;1;7;5;;347;22;0;ok;;105
object.blp;?;1;7;6;;347;22;0;ok;;106
object.blp;?;1;7;7;;347;22;0;ok;;107
object.blp;?;1;7;8;;347;28;0;ok;;108
object.blp;?;1;7;9;;347;37;0;ok;;109
object.blp;?;1;7;10;;347;42;0;ok;;110
object.blp;?;1;7;11;;347;45;0;ok;;111
object.blp;?;1;7;12;;347;47;0;ok;;112
object.blp;?;1;7;13;;347;49;0;ok;;113
object.blp;?;1;7;14;;347;49;0;ok;;114
object.blp;?;1;7;15;;347;49;0;ok;;115
object.blp;?;1;7;16;;347;49;0;ok;;116
object.blp;?;1;7;17;;347;49;0;ok;;117
object.blp;?;1;7;18;;347;49;0;ok;;118
object.blp;?;1;7;19;;347;49;0;ok;;119
object.blp;?;1;8;1;;411;49;64;ok;;120
object.blp;?;1;8;2;;411;49;0;ok;;121
object.blp;?;1;8;3;;411;49;0;ok;;122
object.blp;?;1;8;4;;411;52;0;ok;;123
object.blp;?;1;8;5;;411;52;0;ok;;124
object.blp;?;1;8;6;;411;52;0;ok;;125
object.blp;?;1;8;7;;411;52;0;ok;;126
object.blp;?;1;8;8;;411;59;0;ok;;127
object.blp;?;1;8;9;;411;62;0;ok;;128
object.blp;?;1;8;10;;411;62;0;ok;;129
object.blp;?;1;8;11;;411;62;0;ok;;130
object.blp;?;1;8;12;;411;62;0;ok;;131
object.blp;?;1;8;13;;411;62;0;ok;;132
object.blp;?;1;8;14;;411;62;0;ok;;133
object.blp;?;1;8;15;;411;62;0;ok;;134
object.blp;?;1;9;1;;475;63;64;ok;;135
object.blp;?;1;9;2;;475;63;0;ok;;136
object.blp;?;1;9;3;;475;63;0;ok;;137
object.blp;?;1;9;4;;475;63;0;ok;;138
object.blp;?;1;9;5;;475;63;0;ok;;139
object.blp;?;1;9;6;;475;63;0;ok;;140
object.blp;?;1;9;7;;475;63;0;ok;;141
object.blp;?;1;9;8;;475;64;0;ok;;142
object.blp;?;1;9;9;;475;64;0;ok;;143
object.blp;?;1;9;10;;475;64;0;ok;;144
object.blp;?;1;9;11;;475;64;0;ok;;145
object.blp;?;1;9;12;;475;64;0;ok;;146
object.blp;?;1;9;13;;475;64;0;ok;;147
object.blp;?;1;9;14;;475;64;0;ok;;148
object.blp;?;1;10;1;;539;64;64;ok;;149
object.blp;?;1;10;2;;539;64;0;ok;;150
object.blp;?;1;10;3;;539;64;0;ok;;151
object.blp;?;1;10;4;;539;64;0;ok;;152
object.blp;?;1;10;5;;539;64;0;ok;;153
object.blp;?;1;10;6;;539;64;0;ok;;154
object.blp;?;1;10;7;;539;64;0;ok;;155
object.blp;?;1;10;8;;539;64;0;ok;;156
object.blp;?;1;10;9;;539;64;0;ok;;157
object.blp;?;1;10;10;;539;64;0;ok;;158
object.blp;?;1;10;11;;539;64;0;ok;;159
object.blp;?;1;10;12;;539;64;0;ok;;160
object.blp;?;1;10;13;;539;64;0;ok;;161
object.blp;?;1;10;14;;539;64;0;ok;;162
object.blp;?;1;11;1;;603;64;64;ok;;163
object.blp;?;1;11;2;;603;64;0;ok;;164
object.blp;?;1;11;3;;603;64;0;ok;;165
object.blp;?;1;11;4;;603;64;0;ok;;166
object.blp;?;1;11;5;;603;64;0;ok;;167
object.blp;?;1;11;6;;603;64;0;ok;;168
object.blp;?;1;11;7;;603;64;0;ok;;169
object.blp;?;1;11;8;;603;64;0;ok;;170
object.blp;?;1;11;9;;603;64;0;ok;;171
object.blp;?;1;11;10;;603;64;0;ok;;172
object.blp;?;1;11;11;;603;64;0;ok;;173
object.blp;?;1;11;12;;603;64;0;ok;;174
object.blp;?;1;11;13;;603;64;0;ok;;175
object.blp;?;1;11;14;;603;64;0;ok;;176
object.blp;?;1;12;1;;667;64;64;ok;;177
object.blp;?;1;12;2;;667;64;0;ok;;178
object.blp;?;1;12;3;;667;64;0;ok;;179
object.blp;?;1;12;4;;667;64;0;ok;;180
object.blp;?;1;12;5;;667;64;0;ok;;181
object.blp;?;1;12;6;;667;64;0;ok;;182
object.blp;?;1;12;7;;667;64;0;ok;;183
object.blp;?;1;12;8;;667;64;0;ok;;184
object.blp;?;1;12;9;;667;64;0;ok;;185
object.blp;?;1;12;10;;667;64;0;ok;;186
object.blp;?;1;12;11;;667;64;0;ok;;187
object.blp;?;1;12;12;;667;64;0;ok;;188
object.blp;?;1;12;13;;667;64;0;ok;;189
object.blp;?;1;12;14;;667;64;0;ok;;190
object.blp;?;1;13;1;;731;64;64;ok;;191
object.blp;?;1;13;2;;731;64;0;ok;;192
object.blp;?;1;13;3;;731;64;0;ok;;193
object.blp;?;1;13;4;;731;64;0;ok;;194
object.blp;?;1;13;5;;731;64;0;ok;;195
object.blp;?;1;13;6;;731;64;0;ok;;196
object.blp;?;1;13;7;;731;64;0;ok;;197
object.blp;?;1;13;8;;731;64;0;ok;;198
object.blp;?;1;13;9;;731;64;0;ok;;199
object.blp;?;1;13;10;;731;64;0;ok;;200
object.blp;?;1;13;11;;731;64;0;ok;;201
object.blp;?;1;13;12;;731;64;0;ok;;202
object.blp;?;1;13;13;;731;64;0;ok;;203
object.blp;?;1;13;14;;731;64;0;ok;;204
object.blp;?;1;14;1;;795;64;64;ok;;205
object.blp;?;1;14;2;;795;64;0;ok;;206
object.blp;?;1;14;3;;795;64;0;ok;;207
object.blp;?;1;14;4;;795;64;0;ok;;208
object.blp;?;1;14;5;;795;64;0;ok;;209
object.blp;?;1;14;6;;795;64;0;ok;;210
object.blp;?;1;14;7;;795;64;0;ok;;211
object.blp;?;1;14;8;;795;64;0;ok;;212
object.blp;?;1;14;9;;795;64;0;ok;;213
object.blp;?;1;14;10;;795;64;0;ok;;214
object.blp;?;1;14;11;;795;64;0;ok;;215
object.blp;?;1;14;12;;795;64;0;ok;;216
object.blp;?;1;14;13;;795;64;0;ok;;217
object.blp;?;1;14;14;;795;64;0;ok;;218
object.blp;?;1;15;1;;859;64;64;ok;;219
object.blp;?;1;15;2;;859;64;0;ok;;220
object.blp;?;1;15;3;;859;64;0;ok;;221
object.blp;?;1;15;4;;859;64;0;ok;;222
object.blp;?;1;15;5;;859;64;0;ok;;223
object.blp;?;1;15;6;;859;64;0;ok;;224
object.blp;?;1;15;7;;859;64;0;ok;;225
object.blp;?;1;15;8;;859;64;0;ok;;226
object.blp;?;1;15;9;;859;64;0;ok;;227
object.blp;?;1;15;10;;859;64;0;ok;;228
object.blp;?;1;15;11;;859;64;0;ok;;229
object.blp;?;1;15;12;;859;64;0;ok;;230
object.blp;?;1;15;13;;859;64;0;ok;;231
object.blp;?;1;15;14;;859;64;0;ok;;232
object.blp;?;1;16;1;;923;64;64;ok;;233
object.blp;?;1;16;2;;923;64;0;ok;;234
object.blp;?;1;16;3;;923;64;0;ok;;235
object.blp;?;1;16;4;;923;64;0;ok;;236
object.blp;?;1;16;5;;923;64;0;ok;;237
object.blp;?;1;16;6;;923;64;0;ok;;238
object.blp;?;1;16;7;;923;64;0;ok;;239
object.blp;?;1;16;8;;923;64;0;ok;;240
object.blp;?;1;16;9;;923;64;0;ok;;241
object.blp;?;1;16;10;;923;64;0;ok;;242
object.blp;?;1;16;11;;923;64;0;ok;;243
object.blp;?;1;16;12;;923;64;0;ok;;244
object.blp;?;1;16;13;;923;64;0;ok;;245
object.blp;?;1;16;14;;923;64;0;ok;;246
element.blp;?;1;1;1;;0;13;14;;;1
element.blp;?;1;1;2;;0;15;2;;;2
element.blp;?;1;1;3;;0;16;0;;;3
element.blp;?;1;1;4;;0;19;3;;;4
element.blp;?;1;1;5;;0;47;0;;;5
element.blp;?;1;1;6;;0;52;1;;;6
element.blp;?;1;1;7;;0;22;1;;;7
element.blp;?;1;1;8;;0;44;0;;;8
element.blp;?;1;1;9;;0;15;1;;;9
element.blp;?;1;1;10;;0;27;0;;;10
element.blp;?;1;1;11;;0;10;2;;;11
element.blp;?;1;1;12;;0;30;0;;;12
element.blp;?;1;1;13;;0;36;0;;;13
element.blp;?;1;1;14;;0;36;0;;;14
element.blp;?;1;1;15;;0;38;0;;;15
element.blp;?;1;1;16;;0;38;0;;;16
element.blp;?;1;1;17;;0;40;0;;;17
element.blp;?;1;1;18;;0;40;0;;;18
element.blp;?;1;1;19;;0;42;0;;;19
element.blp;?;1;2;1;;24;42;24;;;20
element.blp;?;1;2;2;;24;44;0;;;21
element.blp;?;1;2;3;;24;44;0;;;22
element.blp;?;1;2;4;;24;44;0;;;23
element.blp;?;1;2;5;;24;44;0;;;24
element.blp;?;1;2;6;;24;44;0;;;25
element.blp;?;1;2;7;;24;44;0;;;26
element.blp;?;1;2;8;;24;25;1;;;27
element.blp;?;1;2;9;;24;34;0;;;28
element.blp;?;1;2;10;;24;34;0;;;29
element.blp;?;1;2;11;;24;46;0;;;30
element.blp;?;1;2;12;;24;46;0;;;31
element.blp;?;1;2;13;;24;54;0;;;32
element.blp;?;1;2;14;;24;29;1;;;33
element.blp;?;1;2;15;;24;27;1;;;34
element.blp;?;1;3;1;;51;27;27;;;35
element.blp;?;1;3;2;;51;39;0;;;36
element.blp;?;1;3;3;;51;40;0;;;37
element.blp;?;1;3;4;;51;24;0;;;38
element.blp;?;1;3;5;;51;30;0;;;39
element.blp;?;1;3;6;;51;34;1;;;40
element.blp;?;1;3;7;;51;34;0;;;41
element.blp;?;1;3;8;;51;35;0;;;42
element.blp;?;1;3;9;;51;35;0;;;43
element.blp;?;1;3;10;;51;38;0;;;44
element.blp;?;1;3;11;;51;59;1;;;45
element.blp;?;1;3;12;;51;25;2;;;46
element.blp;?;1;3;13;;51;25;0;;;47
element.blp;?;1;3;14;;51;31;0;;;48
element.blp;?;1;3;15;;51;38;0;;;49
element.blp;?;1;3;16;;51;38;0;;;50
element.blp;?;1;3;17;;51;48;0;;;51
element.blp;?;1;4;1;;82;49;31;;;52
element.blp;?;1;4;2;;82;48;0;;;53
element.blp;?;1;4;3;;82;50;0;;;54
element.blp;?;1;4;4;;82;31;2;;;55
element.blp;?;1;4;5;;82;45;0;;;56
element.blp;?;1;4;6;;82;45;0;;;57
element.blp;?;1;4;7;;82;54;0;;;58
element.blp;?;1;4;8;;82;54;0;;;59
element.blp;?;1;4;9;;82;56;0;;;60
element.blp;?;1;4;10;;82;31;1;;;61
element.blp;?;1;4;11;;82;35;3;;;62
element.blp;?;1;4;12;;82;37;0;;;63
element.blp;?;1;4;13;;82;37;0;;;64
element.blp;?;1;4;14;;82;18;0;;;65
element.blp;?;1;5;1;;121;53;39;;;66
element.blp;?;1;5;2;;121;15;1;;;67
element.blp;?;1;5;3;;121;15;0;;;68
element.blp;?;1;5;4;;121;17;0;;;69
element.blp;?;1;5;5;;121;17;0;;;70
element.blp;?;1;5;6;;121;19;0;;;71
element.blp;?;1;5;7;;121;19;0;;;72
element.blp;?;1;5;8;;121;43;0;;;73
element.blp;?;1;5;9;;121;51;0;;;74
element.blp;?;1;5;10;;121;41;1;;;75
element.blp;?;1;5;11;;121;44;0;;;76
element.blp;?;1;5;12;;121;45;0;;;77
element.blp;?;1;5;13;;121;45;0;;;78
element.blp;?;1;5;14;;121;48;0;;;79
element.blp;?;1;5;15;;121;49;0;;;80
element.blp;?;1;5;16;;121;50;0;;;81
element.blp;?;1;6;1;;162;51;41;;;82
element.blp;?;1;6;2;;162;51;0;;;83
element.blp;?;1;6;3;;162;51;0;;;84
element.blp;?;1;6;4;;162;51;0;;;85
element.blp;?;1;6;5;;162;52;0;;;86
element.blp;?;1;6;6;;162;52;0;;;87
element.blp;?;1;6;7;;162;52;0;;;88
element.blp;?;1;6;8;;162;59;0;;;89
element.blp;?;1;6;9;;162;59;0;;;90
element.blp;?;1;6;10;;162;59;0;;;91
element.blp;?;1;6;11;;162;59;0;;;92
element.blp;?;1;7;1;;203;60;41;;;93
element.blp;?;1;7;2;;203;42;1;;;94
element.blp;?;1;7;3;;203;44;0;;;95
element.blp;?;1;7;4;;203;46;0;;;96
element.blp;?;1;7;5;;203;46;0;;;97
element.blp;?;1;7;6;;203;47;0;;;98
element.blp;?;1;7;7;;203;49;0;;;99
element.blp;?;1;7;8;;203;49;0;;;100
element.blp;?;1;7;9;;203;50;0;;;101
element.blp;?;1;7;10;;203;50;0;;;102
element.blp;?;1;7;11;;203;50;0;;;103
element.blp;?;1;7;12;;203;50;0;;;104
element.blp;?;1;8;1;;245;52;42;;;105
element.blp;?;1;8;2;;245;49;0;;;106
element.blp;?;1;8;3;;245;51;0;;;107
element.blp;?;1;8;4;;245;56;0;;;108
element.blp;?;1;8;5;;245;57;0;;;109
element.blp;?;1;8;6;;245;57;0;;;110
element.blp;?;1;8;7;;245;57;0;;;111
element.blp;?;1;8;8;;245;57;0;;;112
element.blp;?;1;8;9;;245;57;0;;;113
element.blp;?;1;8;10;;245;57;0;;;114
element.blp;?;1;8;11;;245;57;0;;;115
element.blp;?;1;9;1;;287;57;42;;;116
element.blp;?;1;9;2;;287;58;0;;;117
element.blp;?;1;9;3;;287;58;0;;;118
element.blp;?;1;9;4;;287;58;0;;;119
element.blp;?;1;9;5;;287;58;0;;;120
element.blp;?;1;9;6;;287;58;0;;;121
element.blp;?;1;9;7;;287;58;0;;;122
element.blp;?;1;9;8;;287;57;0;;;123
element.blp;?;1;9;9;;287;60;0;;;124
element.blp;?;1;9;10;;287;59;0;;;125
element.blp;?;1;10;1;;329;59;42;;;126
element.blp;?;1;10;2;;329;60;0;;;127
element.blp;?;1;10;3;;329;44;1;;;128
element.blp;?;1;10;4;;329;44;0;;;129
element.blp;?;1;10;5;;329;47;0;;;130
element.blp;?;1;10;6;;329;47;0;;;131
element.blp;?;1;10;7;;329;35;1;;;132
element.blp;?;1;10;8;;329;39;0;;;133
element.blp;?;1;10;9;;329;39;0;;;134
element.blp;?;1;10;10;;329;41;0;;;135
element.blp;?;1;10;11;;329;41;0;;;136
element.blp;?;1;10;12;;329;42;0;;;137
element.blp;?;1;10;13;;329;48;0;;;138
element.blp;?;1;11;1;;373;32;45;;;139
element.blp;?;1;11;2;;373;37;0;;;140
element.blp;?;1;11;3;;373;37;1;;;141
element.blp;?;1;11;4;;373;38;0;;;142
element.blp;?;1;11;5;;373;36;0;;;143
element.blp;?;1;11;6;;373;47;1;;;144
element.blp;?;1;11;7;;373;51;1;;;145
element.blp;?;1;11;8;;373;38;1;;;146
element.blp;?;1;11;9;;373;39;0;;;147
element.blp;?;1;11;10;;373;40;0;;;148
element.blp;?;1;11;11;;373;50;0;;;149
element.blp;?;1;11;12;;373;50;0;;;150
element.blp;?;1;11;13;;373;52;0;;;151
element.blp;?;1;11;14;;373;55;0;;;152
element.blp;?;1;12;1;;422;55;49;;;153
element.blp;?;1;12;2;;422;56;0;;;154
element.blp;?;1;12;3;;422;56;0;;;155
element.blp;?;1;12;4;;422;60;0;;;156
element.blp;?;1;12;5;;422;60;0;;;157
element.blp;?;1;12;6;;422;60;1;;;158
element.blp;?;1;12;7;;422;60;0;;;159
element.blp;?;1;12;8;;422;60;1;;;160
element.blp;?;1;12;9;;422;60;0;;;161
element.blp;?;1;12;10;;422;51;1;;;162
element.blp;?;1;13;1;;474;40;53;;;163
element.blp;?;1;13;2;;474;53;0;;;164
element.blp;?;1;13;3;;474;60;0;;;165
element.blp;?;1;13;4;;474;60;0;;;166
element.blp;?;1;13;5;;474;60;1;;;167
element.blp;?;1;13;6;;474;60;0;;;168
element.blp;?;1;13;7;;474;58;1;;;169
element.blp;?;1;13;8;;474;59;0;;;170
element.blp;?;1;13;9;;474;10;2;;;171
element.blp;?;1;13;10;;474;12;0;;;172
element.blp;?;1;13;11;;474;17;0;;;173
element.blp;?;1;13;12;;474;20;0;;;174
element.blp;?;1;13;13;;474;24;0;;;175
element.blp;?;1;13;14;;474;25;0;;;176
element.blp;?;1;13;15;;474;27;0;;;177
element.blp;?;1;14;1;;531;27;57;;;178
element.blp;?;1;14;2;;531;53;0;;;179
element.blp;?;1;14;3;;531;56;1;;;180
element.blp;?;1;14;4;;531;59;0;;;181
element.blp;?;1;14;5;;531;60;0;;;182
element.blp;?;1;14;6;;531;33;1;;;183
element.blp;?;1;14;7;;531;56;0;;;184
element.blp;?;1;14;8;;531;58;0;;;185
element.blp;?;1;14;9;;531;55;1;;;186
element.blp;?;1;14;10;;531;59;0;;;187
element.blp;?;1;14;11;;531;60;0;;;188
text.blp;?;1;1;1;;0;16;16;;;1
text.blp;?;1;1;2;;0;16;0;;;2
text.blp;?;1;1;3;;0;16;0;;;3
text.blp;?;1;1;4;;0;16;0;;;4
text.blp;?;1;1;5;;0;16;0;;;5
text.blp;?;1;1;6;;0;16;0;;;6
text.blp;?;1;1;7;;0;16;0;;;7
text.blp;?;1;1;8;;0;16;0;;;8
text.blp;?;1;1;9;;0;16;0;;;9
text.blp;?;1;1;10;;0;16;0;;;10
text.blp;?;1;1;11;;0;16;0;;;11
text.blp;?;1;1;12;;0;16;0;;;12
text.blp;?;1;1;13;;0;16;0;;;13
text.blp;?;1;1;14;;0;16;0;;;14
text.blp;?;1;1;15;;0;16;0;;;15
text.blp;?;1;1;16;;0;16;0;;;16
text.blp;?;1;2;1;;16;16;16;;;17
text.blp;?;1;2;2;;16;16;0;;;18
text.blp;?;1;2;3;;16;16;0;;;19
text.blp;?;1;2;4;;16;16;0;;;20
text.blp;?;1;2;5;;16;16;0;;;21
text.blp;?;1;2;6;;16;16;0;;;22
text.blp;?;1;2;7;;16;16;0;;;23
text.blp;?;1;2;8;;16;16;0;;;24
text.blp;?;1;2;9;;16;16;0;;;25
text.blp;?;1;2;10;;16;16;0;;;26
text.blp;?;1;2;11;;16;16;0;;;27
text.blp;?;1;2;12;;16;16;0;;;28
text.blp;?;1;2;13;;16;16;0;;;29
text.blp;?;1;2;14;;16;16;0;;;30
text.blp;?;1;2;15;;16;16;0;;;31
text.blp;?;1;2;16;;16;16;0;;;32
text.blp;?;1;3;1;;32;16;16;;;33
text.blp;?;1;3;2;;32;16;0;;;34
text.blp;?;1;3;3;;32;16;0;;;35
text.blp;?;1;3;4;;32;16;0;;;36
text.blp;?;1;3;5;;32;16;0;;;37
text.blp;?;1;3;6;;32;16;0;;;38
text.blp;?;1;3;7;;32;16;0;;;39
text.blp;?;1;3;8;;32;16;0;;;40
text.blp;?;1;3;9;;32;16;0;;;41
text.blp;?;1;3;10;;32;16;0;;;42
text.blp;?;1;3;11;;32;16;0;;;43
text.blp;?;1;3;12;;32;16;0;;;44
text.blp;?;1;3;13;;32;16;0;;;45
text.blp;?;1;3;14;;32;16;0;;;46
text.blp;?;1;3;15;;32;16;0;;;47
text.blp;?;1;3;16;;32;16;0;;;48
text.blp;?;1;4;1;;48;16;16;;;49
text.blp;?;1;4;2;;48;16;0;;;50
text.blp;?;1;4;3;;48;16;0;;;51
text.blp;?;1;4;4;;48;16;0;;;52
text.blp;?;1;4;5;;48;16;0;;;53
text.blp;?;1;4;6;;48;16;0;;;54
text.blp;?;1;4;7;;48;16;0;;;55
text.blp;?;1;4;8;;48;16;0;;;56
text.blp;?;1;4;9;;48;16;0;;;57
text.blp;?;1;4;10;;48;16;0;;;58
text.blp;?;1;4;11;;48;16;0;;;59
text.blp;?;1;4;12;;48;16;0;;;60
text.blp;?;1;4;13;;48;16;0;;;61
text.blp;?;1;4;14;;48;16;0;;;62
text.blp;?;1;4;15;;48;16;0;;;63
text.blp;?;1;4;16;;48;16;0;;;64
text.blp;?;1;5;1;;64;16;16;;;65
text.blp;?;1;5;2;;64;16;0;;;66
text.blp;?;1;5;3;;64;16;0;;;67
text.blp;?;1;5;4;;64;16;0;;;68
text.blp;?;1;5;5;;64;16;0;;;69
text.blp;?;1;5;6;;64;16;0;;;70
text.blp;?;1;5;7;;64;16;0;;;71
text.blp;?;1;5;8;;64;16;0;;;72
text.blp;?;1;5;9;;64;16;0;;;73
text.blp;?;1;5;10;;64;16;0;;;74
text.blp;?;1;5;11;;64;16;0;;;75
text.blp;?;1;5;12;;64;16;0;;;76
text.blp;?;1;5;13;;64;16;0;;;77
text.blp;?;1;5;14;;64;16;0;;;78
text.blp;?;1;5;15;;64;16;0;;;79
text.blp;?;1;5;16;;64;16;0;;;80
text.blp;?;1;6;1;;80;16;16;;;81
text.blp;?;1;6;2;;80;16;0;;;82
text.blp;?;1;6;3;;80;16;0;;;83
text.blp;?;1;6;4;;80;16;0;;;84
text.blp;?;1;6;5;;80;16;0;;;85
text.blp;?;1;6;6;;80;16;0;;;86
text.blp;?;1;6;7;;80;16;0;;;87
text.blp;?;1;6;8;;80;16;0;;;88
text.blp;?;1;6;9;;80;16;0;;;89
text.blp;?;1;6;10;;80;16;0;;;90
text.blp;?;1;6;11;;80;16;0;;;91
text.blp;?;1;6;12;;80;16;0;;;92
text.blp;?;1;6;13;;80;16;0;;;93
text.blp;?;1;6;14;;80;16;0;;;94
text.blp;?;1;6;15;;80;16;0;;;95
text.blp;?;1;6;16;;80;16;0;;;96
text.blp;?;1;7;1;;96;16;16;;;97
text.blp;?;1;7;2;;96;16;0;;;98
text.blp;?;1;7;3;;96;16;0;;;99
text.blp;?;1;7;4;;96;16;0;;;100
text.blp;?;1;7;5;;96;16;0;;;101
text.blp;?;1;7;6;;96;16;0;;;102
text.blp;?;1;7;7;;96;16;0;;;103
text.blp;?;1;7;8;;96;16;0;;;104
text.blp;?;1;7;9;;96;16;0;;;105
text.blp;?;1;7;10;;96;16;0;;;106
text.blp;?;1;7;11;;96;16;0;;;107
text.blp;?;1;7;12;;96;16;0;;;108
text.blp;?;1;7;13;;96;16;0;;;109
text.blp;?;1;7;14;;96;16;0;;;110
text.blp;?;1;7;15;;96;16;0;;;111
text.blp;?;1;7;16;;96;16;0;;;112
text.blp;?;1;8;1;;112;16;16;;;113
text.blp;?;1;8;2;;112;16;0;;;114
text.blp;?;1;8;3;;112;16;0;;;115
text.blp;?;1;8;4;;112;16;0;;;116
text.blp;?;1;8;5;;112;16;0;;;117
text.blp;?;1;8;6;;112;16;0;;;118
text.blp;?;1;8;7;;112;16;0;;;119
text.blp;?;1;8;8;;112;16;0;;;120
text.blp;?;1;8;9;;112;16;0;;;121
text.blp;?;1;8;10;;112;16;0;;;122
text.blp;?;1;8;11;;112;16;0;;;123
text.blp;?;1;8;12;;112;16;0;;;124
text.blp;?;1;8;13;;112;16;0;;;125
text.blp;?;1;8;14;;112;16;0;;;126
text.blp;?;1;8;15;;112;16;0;;;127
text.blp;?;1;8;16;;112;16;0;;;128
text.blp;?;1;9;1;;128;16;16;;;129
text.blp;?;1;9;2;;128;16;0;;;130
text.blp;?;1;9;3;;128;16;0;;;131
text.blp;?;1;9;4;;128;16;0;;;132
text.blp;?;1;9;5;;128;16;0;;;133
text.blp;?;1;9;6;;128;16;0;;;134
text.blp;?;1;9;7;;128;16;0;;;135
text.blp;?;1;9;8;;128;16;0;;;136
text.blp;?;1;9;9;;128;16;0;;;137
text.blp;?;1;9;10;;128;16;0;;;138
text.blp;?;1;9;11;;128;16;0;;;139
text.blp;?;1;9;12;;128;16;0;;;140
text.blp;?;1;9;13;;128;16;0;;;141
text.blp;?;1;9;14;;128;16;0;;;142
text.blp;?;1;9;15;;128;16;0;;;143
text.blp;?;1;9;16;;128;16;0;;;144
text.blp;?;1;10;1;;144;16;16;;;145
text.blp;?;1;10;2;;144;16;0;;;146
text.blp;?;1;10;3;;144;16;0;;;147
text.blp;?;1;10;4;;144;16;0;;;148
text.blp;?;1;10;5;;144;16;0;;;149
text.blp;?;1;10;6;;144;16;0;;;150
text.blp;?;1;10;7;;144;16;0;;;151
text.blp;?;1;10;8;;144;16;0;;;152
text.blp;?;1;10;9;;144;16;0;;;153
text.blp;?;1;10;10;;144;16;0;;;154
text.blp;?;1;10;11;;144;16;0;;;155
text.blp;?;1;10;12;;144;16;0;;;156
text.blp;?;1;10;13;;144;16;0;;;157
text.blp;?;1;10;14;;144;16;0;;;158
text.blp;?;1;10;15;;144;16;0;;;159
text.blp;?;1;10;16;;144;16;0;;;160
text.blp;?;1;11;1;;160;16;16;;;161
text.blp;?;1;11;2;;160;16;0;;;162
text.blp;?;1;11;3;;160;16;0;;;163
text.blp;?;1;11;4;;160;16;0;;;164
text.blp;?;1;11;5;;160;16;0;;;165
text.blp;?;1;11;6;;160;16;0;;;166
text.blp;?;1;11;7;;160;16;0;;;167
text.blp;?;1;11;8;;160;16;0;;;168
text.blp;?;1;11;9;;160;16;0;;;169
text.blp;?;1;11;10;;160;16;0;;;170
text.blp;?;1;11;11;;160;16;0;;;171
text.blp;?;1;11;12;;160;16;0;;;172
text.blp;?;1;11;13;;160;16;0;;;173
text.blp;?;1;11;14;;160;16;0;;;174
text.blp;?;1;11;15;;160;16;0;;;175
text.blp;?;1;11;16;;160;16;0;;;176
text.blp;?;1;12;1;;176;16;16;;;177
text.blp;?;1;12;2;;176;16;0;;;178
text.blp;?;1;12;3;;176;16;0;;;179
text.blp;?;1;12;4;;176;16;0;;;180
text.blp;?;1;12;5;;176;16;0;;;181
text.blp;?;1;12;6;;176;16;0;;;182
text.blp;?;1;12;7;;176;16;0;;;183
text.blp;?;1;12;8;;176;16;0;;;184
text.blp;?;1;12;9;;176;16;0;;;185
text.blp;?;1;12;10;;176;16;0;;;186
text.blp;?;1;12;11;;176;16;0;;;187
text.blp;?;1;12;12;;176;16;0;;;188
text.blp;?;1;12;13;;176;16;0;;;189
text.blp;?;1;12;14;;176;16;0;;;190
text.blp;?;1;12;15;;176;16;0;;;191
text.blp;?;1;12;16;;176;16;0;;;192
text.blp;?;1;13;1;;192;16;16;;;193
text.blp;?;1;13;2;;192;16;0;;;194
text.blp;?;1;13;3;;192;16;0;;;195
text.blp;?;1;13;4;;192;16;0;;;196
text.blp;?;1;13;5;;192;16;0;;;197
text.blp;?;1;13;6;;192;16;0;;;198
text.blp;?;1;13;7;;192;16;0;;;199
text.blp;?;1;13;8;;192;16;0;;;200
text.blp;?;1;13;9;;192;16;0;;;201
text.blp;?;1;13;10;;192;16;0;;;202
text.blp;?;1;13;11;;192;16;0;;;203
text.blp;?;1;13;12;;192;16;0;;;204
text.blp;?;1;13;13;;192;16;0;;;205
text.blp;?;1;13;14;;192;16;0;;;206
text.blp;?;1;13;15;;192;16;0;;;207
text.blp;?;1;13;16;;192;16;0;;;208
text.blp;?;1;14;1;;208;16;16;;;209
text.blp;?;1;14;2;;208;16;0;;;210
text.blp;?;1;14;3;;208;16;0;;;211
text.blp;?;1;14;4;;208;16;0;;;212
text.blp;?;1;14;5;;208;16;0;;;213
text.blp;?;1;14;6;;208;16;0;;;214
text.blp;?;1;14;7;;208;16;0;;;215
text.blp;?;1;14;8;;208;16;0;;;216
text.blp;?;1;14;9;;208;16;0;;;217
text.blp;?;1;14;10;;208;16;0;;;218
text.blp;?;1;14;11;;208;16;0;;;219
text.blp;?;1;14;12;;208;16;0;;;220
text.blp;?;1;14;13;;208;16;0;;;221
text.blp;?;1;14;14;;208;16;0;;;222
text.blp;?;1;14;15;;208;16;0;;;223
text.blp;?;1;14;16;;208;16;0;;;224
text.blp;?;1;15;1;;224;16;16;;;225
text.blp;?;1;15;2;;224;16;0;;;226
text.blp;?;1;15;3;;224;16;0;;;227
text.blp;?;1;15;4;;224;16;0;;;228
text.blp;?;1;15;5;;224;16;0;;;229
text.blp;?;1;15;6;;224;16;0;;;230
text.blp;?;1;15;7;;224;16;0;;;231
text.blp;?;1;15;8;;224;16;0;;;232
text.blp;?;1;15;9;;224;16;0;;;233
text.blp;?;1;15;10;;224;16;0;;;234
text.blp;?;1;15;11;;224;16;0;;;235
text.blp;?;1;15;12;;224;16;0;;;236
text.blp;?;1;15;13;;224;16;0;;;237
text.blp;?;1;15;14;;224;16;0;;;238
text.blp;?;1;15;15;;224;16;0;;;239
text.blp;?;1;15;16;;224;16;0;;;240
text.blp;?;1;16;1;;240;16;16;;;241
text.blp;?;1;16;2;;240;16;0;;;242
text.blp;?;1;16;3;;240;16;0;;;243
text.blp;?;1;16;4;;240;16;0;;;244
text.blp;?;1;16;5;;240;16;0;;;245
text.blp;?;1;16;6;;240;16;0;;;246
text.blp;?;1;16;7;;240;16;0;;;247
text.blp;?;1;16;8;;240;16;0;;;248
text.blp;?;1;16;9;;240;16;0;;;249
text.blp;?;1;16;10;;240;16;0;;;250
text.blp;?;1;16;11;;240;16;0;;;251
text.blp;?;1;16;12;;240;16;0;;;252
text.blp;?;1;16;13;;240;16;0;;;253
text.blp;?;1;16;14;;240;16;0;;;254
text.blp;?;1;16;15;;240;16;0;;;255
text.blp;?;1;16;16;;240;16;0;;;256
jauge.blp;?;1;1;1;;0;124;22;;;1
jauge.blp;?;1;2;1;;0;124;44;;;2
jauge.blp;?;1;3;1;;0;124;66;;;3
jauge.blp;?;1;4;1;;0;124;88;;;4
